Rk,Player,Age,Team,Pos,G,GS,MP,FG,FGA,FG%,3P,3PA,3P%,2P,2PA,2P%,eFG%,FT,FTA,FT%,ORB,DRB,TRB,AST,STL,BLK,TOV,PF,PTS,Trp-Dbl,Awards
1.0,Shai Gilgeous-Alexander,27.0,OKC,PG,39.0,39.0,1298.0,424.0,778.0,0.545,77.0,196.0,0.393,347.0,582.0,0.596,0.594,320.0,361.0,0.886,17.0,158.0,175.0,249.0,54.0,30.0,76.0,80.0,1245.0,0.0,
2.0,Tyrese Maxey,25.0,PHI,PG,37.0,37.0,1457.0,392.0,823.0,0.476,137.0,338.0,0.405,255.0,485.0,0.526,0.56,207.0,236.0,0.877,9.0,154.0,163.0,245.0,67.0,35.0,93.0,78.0,1128.0,0.0,
3.0,Donovan Mitchell,29.0,CLE,SG,38.0,38.0,1286.0,392.0,796.0,0.492,148.0,382.0,0.387,244.0,414.0,0.589,0.585,195.0,230.0,0.848,32.0,148.0,180.0,212.0,56.0,10.0,113.0,96.0,1127.0,0.0,
4.0,Jaylen Brown,29.0,BOS,SF,36.0,36.0,1233.0,391.0,790.0,0.495,79.0,210.0,0.376,312.0,580.0,0.538,0.545,201.0,258.0,0.779,43.0,189.0,232.0,181.0,36.0,14.0,135.0,111.0,1062.0,1.0,
5.0,Jalen Brunson,29.0,NYK,PG,37.0,37.0,1276.0,372.0,773.0,0.481,111.0,286.0,0.388,261.0,487.0,0.536,0.553,190.0,223.0,0.852,20.0,100.0,120.0,227.0,26.0,3.0,85.0,89.0,1045.0,0.0,
6.0,Deni Avdija,25.0,POR,SF,40.0,40.0,1414.0,317.0,678.0,0.468,92.0,259.0,0.355,225.0,419.0,0.537,0.535,317.0,396.0,0.801,40.0,243.0,283.0,276.0,35.0,24.0,156.0,111.0,1043.0,3.0,
7.0,Luka Dončić,26.0,LAL,PG,31.0,31.0,1129.0,322.0,694.0,0.464,103.0,315.0,0.327,219.0,379.0,0.578,0.538,289.0,366.0,0.79,29.0,215.0,244.0,274.0,50.0,17.0,142.0,83.0,1036.0,4.0,
8.0,Jamal Murray,28.0,DEN,PG,37.0,37.0,1317.0,339.0,701.0,0.484,127.0,285.0,0.446,212.0,416.0,0.51,0.574,149.0,167.0,0.892,17.0,151.0,168.0,276.0,37.0,11.0,86.0,60.0,954.0,0.0,
9.0,Anthony Edwards,24.0,MIN,SG,33.0,33.0,1152.0,329.0,658.0,0.5,110.0,269.0,0.409,219.0,389.0,0.563,0.584,185.0,235.0,0.787,20.0,144.0,164.0,124.0,44.0,28.0,90.0,61.0,953.0,0.0,
10.0,James Harden,36.0,LAC,PG,37.0,37.0,1316.0,273.0,642.0,0.425,118.0,331.0,0.356,155.0,311.0,0.498,0.517,285.0,318.0,0.896,23.0,154.0,177.0,296.0,48.0,12.0,131.0,71.0,949.0,2.0,
11.0,Nikola Jokić,30.0,DEN,C,32.0,32.0,1106.0,339.0,560.0,0.605,67.0,154.0,0.435,272.0,406.0,0.67,0.665,203.0,238.0,0.853,97.0,292.0,389.0,351.0,44.0,25.0,113.0,89.0,948.0,16.0,
12.0,Pascal Siakam,31.0,IND,PF,40.0,40.0,1354.0,352.0,730.0,0.482,68.0,184.0,0.37,284.0,546.0,0.52,0.529,170.0,248.0,0.685,68.0,209.0,277.0,154.0,50.0,17.0,89.0,105.0,942.0,0.0,
13.0,Devin Booker,29.0,PHO,SG,37.0,37.0,1260.0,306.0,674.0,0.454,61.0,201.0,0.303,245.0,473.0,0.518,0.499,261.0,303.0,0.861,32.0,118.0,150.0,240.0,34.0,12.0,121.0,100.0,934.0,0.0,
14.0,Keyonte George,22.0,UTA,PG,39.0,39.0,1340.0,292.0,643.0,0.454,97.0,266.0,0.365,195.0,377.0,0.517,0.53,249.0,275.0,0.905,19.0,144.0,163.0,270.0,39.0,11.0,136.0,94.0,930.0,0.0,
15.0,Lauri Markkanen,28.0,UTA,PF,33.0,33.0,1187.0,314.0,650.0,0.483,96.0,263.0,0.365,218.0,387.0,0.563,0.557,198.0,224.0,0.884,66.0,171.0,237.0,71.0,34.0,16.0,52.0,65.0,922.0,0.0,
16.0,Kevin Durant,37.0,HOU,SF,35.0,35.0,1274.0,325.0,624.0,0.521,76.0,190.0,0.4,249.0,434.0,0.574,0.582,189.0,212.0,0.892,14.0,175.0,189.0,156.0,22.0,34.0,105.0,76.0,915.0,0.0,
17.0,Julius Randle,31.0,MIN,PF,41.0,41.0,1368.0,316.0,640.0,0.494,66.0,195.0,0.338,250.0,445.0,0.562,0.545,212.0,264.0,0.803,68.0,224.0,292.0,233.0,43.0,6.0,101.0,109.0,910.0,2.0,
18.0,Jalen Johnson,24.0,ATL,SF,38.0,38.0,1340.0,332.0,639.0,0.52,62.0,172.0,0.36,270.0,467.0,0.578,0.568,163.0,206.0,0.791,54.0,329.0,383.0,309.0,50.0,20.0,129.0,77.0,889.0,7.0,
19.0,Cade Cunningham,24.0,DET,PG,33.0,33.0,1176.0,306.0,658.0,0.465,68.0,200.0,0.34,238.0,458.0,0.52,0.517,202.0,241.0,0.838,35.0,169.0,204.0,321.0,51.0,27.0,131.0,111.0,882.0,3.0,
20.0,Brandon Ingram,28.0,TOR,SF,40.0,40.0,1350.0,327.0,692.0,0.473,69.0,197.0,0.35,258.0,495.0,0.521,0.522,152.0,184.0,0.826,35.0,207.0,242.0,149.0,30.0,29.0,110.0,79.0,875.0,0.0,
21.0,Stephen Curry,37.0,GSW,PG,31.0,31.0,990.0,285.0,611.0,0.466,143.0,369.0,0.388,142.0,242.0,0.587,0.583,158.0,170.0,0.929,14.0,104.0,118.0,151.0,36.0,14.0,88.0,63.0,871.0,0.0,
22.0,Trey Murphy III,25.0,NOP,SF,39.0,39.0,1391.0,306.0,608.0,0.503,121.0,311.0,0.389,185.0,297.0,0.623,0.603,133.0,148.0,0.899,45.0,198.0,243.0,139.0,61.0,9.0,74.0,85.0,866.0,0.0,
23.0,Kawhi Leonard,34.0,LAC,SF,30.0,30.0,1013.0,292.0,587.0,0.497,87.0,218.0,0.399,205.0,369.0,0.556,0.572,176.0,187.0,0.941,27.0,161.0,188.0,104.0,67.0,19.0,64.0,41.0,847.0,0.0,
24.0,Nickeil Alexander-Walker,27.0,ATL,SG,40.0,33.0,1318.0,288.0,641.0,0.449,121.0,321.0,0.377,167.0,320.0,0.522,0.544,131.0,152.0,0.862,24.0,119.0,143.0,131.0,43.0,23.0,81.0,85.0,828.0,0.0,
25.0,Norman Powell,32.0,MIA,SG,34.0,34.0,1048.0,271.0,559.0,0.485,104.0,251.0,0.414,167.0,308.0,0.542,0.578,165.0,193.0,0.855,12.0,116.0,128.0,91.0,43.0,7.0,67.0,77.0,811.0,0.0,
26.0,Michael Porter Jr.,27.0,BRK,SF,31.0,31.0,1026.0,282.0,580.0,0.486,118.0,294.0,0.401,164.0,286.0,0.573,0.588,116.0,138.0,0.841,41.0,191.0,232.0,102.0,32.0,7.0,79.0,65.0,798.0,0.0,
27.0,Scottie Barnes,24.0,TOR,PF,41.0,41.0,1409.0,309.0,614.0,0.503,45.0,134.0,0.336,264.0,480.0,0.55,0.54,133.0,161.0,0.826,88.0,251.0,339.0,223.0,55.0,58.0,106.0,116.0,796.0,2.0,
28.0,Shaedon Sharpe,22.0,POR,SG,37.0,31.0,1102.0,300.0,664.0,0.452,72.0,220.0,0.327,228.0,444.0,0.514,0.506,122.0,158.0,0.772,41.0,121.0,162.0,96.0,54.0,5.0,108.0,73.0,794.0,0.0,
29.0,DeMar DeRozan,36.0,SAC,PF,41.0,41.0,1374.0,282.0,555.0,0.508,32.0,89.0,0.36,250.0,466.0,0.536,0.537,189.0,215.0,0.879,22.0,116.0,138.0,160.0,59.0,10.0,43.0,83.0,785.0,0.0,
30.0,Karl-Anthony Towns,30.0,NYK,C,37.0,37.0,1197.0,251.0,536.0,0.468,61.0,173.0,0.353,190.0,363.0,0.523,0.525,214.0,248.0,0.863,106.0,310.0,416.0,110.0,34.0,24.0,96.0,131.0,777.0,0.0,
31.0,Desmond Bane,27.0,ORL,SG,40.0,40.0,1353.0,279.0,617.0,0.452,67.0,198.0,0.338,212.0,419.0,0.506,0.506,143.0,154.0,0.929,51.0,131.0,182.0,181.0,32.0,20.0,89.0,120.0,768.0,0.0,
32.0,Miles Bridges,27.0,CHO,PF,39.0,39.0,1302.0,267.0,603.0,0.443,90.0,270.0,0.333,177.0,333.0,0.532,0.517,137.0,162.0,0.846,36.0,215.0,251.0,143.0,21.0,21.0,57.0,72.0,761.0,0.0,
33.0,Giannis Antetokounmpo,31.0,MIL,PF,26.0,26.0,761.0,288.0,444.0,0.649,14.0,36.0,0.389,274.0,408.0,0.672,0.664,166.0,255.0,0.651,76.0,176.0,252.0,147.0,23.0,21.0,87.0,71.0,756.0,0.0,
34.0,Cooper Flagg,19.0,DAL,SF,40.0,40.0,1363.0,287.0,601.0,0.478,39.0,136.0,0.287,248.0,465.0,0.533,0.51,139.0,170.0,0.818,46.0,204.0,250.0,167.0,51.0,32.0,87.0,91.0,752.0,0.0,
35.0,Kon Knueppel,20.0,CHO,SF,39.0,38.0,1269.0,257.0,535.0,0.48,134.0,315.0,0.425,123.0,220.0,0.559,0.606,95.0,107.0,0.888,38.0,161.0,199.0,140.0,27.0,8.0,89.0,91.0,743.0,0.0,
36.0,Dillon Brooks,30.0,PHO,SF,34.0,34.0,1047.0,268.0,587.0,0.457,85.0,246.0,0.346,183.0,341.0,0.537,0.529,103.0,122.0,0.844,24.0,89.0,113.0,59.0,40.0,2.0,69.0,117.0,724.0,0.0,
37.0,Jimmy Butler,36.0,GSW,SF,36.0,36.0,1129.0,220.0,429.0,0.513,31.0,81.0,0.383,189.0,348.0,0.543,0.549,240.0,277.0,0.866,79.0,121.0,200.0,177.0,51.0,8.0,58.0,45.0,711.0,0.0,
38.0,Derrick White,31.0,BOS,SG,38.0,38.0,1302.0,245.0,617.0,0.397,121.0,366.0,0.331,124.0,251.0,0.494,0.495,97.0,110.0,0.882,33.0,134.0,167.0,198.0,50.0,58.0,71.0,65.0,708.0,0.0,
39.0,Amen Thompson,23.0,HOU,PG,37.0,37.0,1370.0,268.0,516.0,0.519,15.0,76.0,0.197,253.0,440.0,0.575,0.534,145.0,180.0,0.806,105.0,178.0,283.0,190.0,49.0,20.0,97.0,91.0,696.0,0.0,
40.0,CJ McCollum,34.0,2TM,PG,37.0,35.0,1133.0,256.0,566.0,0.452,98.0,256.0,0.383,158.0,310.0,0.51,0.539,85.0,109.0,0.78,23.0,102.0,125.0,133.0,26.0,9.0,60.0,76.0,695.0,0.0,
40.0,CJ McCollum,34.0,WAS,SG,35.0,35.0,1082.0,240.0,529.0,0.454,96.0,244.0,0.393,144.0,285.0,0.505,0.544,82.0,102.0,0.804,23.0,101.0,124.0,126.0,24.0,9.0,58.0,73.0,658.0,0.0,
40.0,CJ McCollum,34.0,ATL,PG,2.0,0.0,51.0,16.0,37.0,0.432,2.0,12.0,0.167,14.0,25.0,0.56,0.459,3.0,7.0,0.429,0.0,1.0,1.0,7.0,2.0,0.0,2.0,3.0,37.0,0.0,
41.0,Jaren Jackson Jr.,26.0,MEM,C,37.0,37.0,1125.0,254.0,530.0,0.479,61.0,169.0,0.361,193.0,361.0,0.535,0.537,116.0,152.0,0.763,34.0,173.0,207.0,71.0,33.0,55.0,81.0,142.0,685.0,0.0,
42.0,Payton Pritchard,28.0,BOS,PG,39.0,39.0,1282.0,248.0,553.0,0.448,99.0,293.0,0.338,149.0,260.0,0.573,0.538,67.0,77.0,0.87,39.0,136.0,175.0,207.0,34.0,4.0,43.0,58.0,662.0,0.0,
43.0,Immanuel Quickley,26.0,TOR,PG,40.0,40.0,1300.0,229.0,541.0,0.423,100.0,288.0,0.347,129.0,253.0,0.51,0.516,102.0,129.0,0.791,23.0,145.0,168.0,244.0,46.0,5.0,67.0,81.0,660.0,0.0,
44.0,Ryan Rollins,23.0,MIL,PG,40.0,35.0,1271.0,251.0,540.0,0.465,92.0,231.0,0.398,159.0,309.0,0.515,0.55,65.0,84.0,0.774,32.0,148.0,180.0,220.0,59.0,16.0,93.0,111.0,659.0,0.0,
45.0,Nikola Vučević,35.0,CHI,C,39.0,39.0,1197.0,271.0,539.0,0.503,70.0,185.0,0.378,201.0,354.0,0.568,0.568,47.0,59.0,0.797,86.0,273.0,359.0,144.0,27.0,22.0,57.0,77.0,659.0,0.0,
46.0,Alperen Şengün,23.0,HOU,C,30.0,30.0,1033.0,251.0,493.0,0.509,21.0,69.0,0.304,230.0,424.0,0.542,0.53,129.0,179.0,0.721,87.0,180.0,267.0,197.0,43.0,29.0,96.0,99.0,652.0,1.0,
47.0,Evan Mobley,24.0,CLE,PF,36.0,34.0,1194.0,246.0,476.0,0.517,45.0,135.0,0.333,201.0,341.0,0.589,0.564,108.0,169.0,0.639,84.0,229.0,313.0,149.0,35.0,67.0,77.0,93.0,645.0,0.0,
48.0,Onyeka Okongwu,25.0,ATL,C,40.0,29.0,1276.0,241.0,500.0,0.482,75.0,207.0,0.362,166.0,293.0,0.567,0.557,84.0,110.0,0.764,74.0,241.0,315.0,137.0,45.0,39.0,72.0,138.0,641.0,0.0,
49.0,Mikal Bridges,29.0,NYK,SF,40.0,40.0,1397.0,256.0,512.0,0.5,91.0,231.0,0.394,165.0,281.0,0.587,0.589,37.0,47.0,0.787,49.0,137.0,186.0,172.0,65.0,36.0,41.0,77.0,640.0,0.0,
50.0,De'Aaron Fox,28.0,SAS,PG,31.0,31.0,1010.0,233.0,500.0,0.466,62.0,190.0,0.326,171.0,310.0,0.552,0.528,107.0,132.0,0.811,24.0,106.0,130.0,180.0,41.0,8.0,76.0,72.0,635.0,0.0,
51.0,Anthony Black,22.0,ORL,PG,40.0,20.0,1212.0,227.0,488.0,0.465,62.0,177.0,0.35,165.0,311.0,0.531,0.529,112.0,155.0,0.723,32.0,132.0,164.0,157.0,53.0,27.0,97.0,110.0,628.0,0.0,
52.0,Paolo Banchero,23.0,ORL,PF,30.0,30.0,1012.0,212.0,468.0,0.453,27.0,107.0,0.252,185.0,361.0,0.512,0.482,176.0,233.0,0.755,28.0,232.0,260.0,147.0,18.0,22.0,86.0,67.0,627.0,2.0,
53.0,Chet Holmgren,23.0,OKC,PF,35.0,35.0,1013.0,235.0,412.0,0.57,47.0,128.0,0.367,188.0,284.0,0.662,0.627,108.0,138.0,0.783,63.0,231.0,294.0,55.0,20.0,65.0,62.0,96.0,625.0,0.0,
54.0,Victor Wembanyama,22.0,SAS,C,26.0,17.0,753.0,219.0,426.0,0.514,38.0,108.0,0.352,181.0,318.0,0.569,0.559,148.0,177.0,0.836,49.0,236.0,285.0,79.0,23.0,70.0,76.0,73.0,624.0,1.0,
55.0,Austin Reaves,27.0,LAL,SG,23.0,22.0,812.0,189.0,373.0,0.507,62.0,170.0,0.365,127.0,203.0,0.626,0.59,172.0,197.0,0.873,16.0,104.0,120.0,144.0,22.0,5.0,75.0,52.0,612.0,0.0,
56.0,Jeremiah Fears,19.0,NOP,PG,43.0,41.0,1152.0,232.0,534.0,0.434,45.0,139.0,0.324,187.0,395.0,0.473,0.477,100.0,126.0,0.794,33.0,125.0,158.0,136.0,52.0,10.0,105.0,75.0,609.0,0.0,
57.0,Russell Westbrook,37.0,SAC,SF,41.0,35.0,1210.0,223.0,525.0,0.425,79.0,229.0,0.345,144.0,296.0,0.486,0.5,82.0,121.0,0.678,63.0,202.0,265.0,286.0,55.0,7.0,138.0,104.0,607.0,4.0,
58.0,Zion Williamson,25.0,NOP,PF,27.0,20.0,786.0,223.0,385.0,0.579,0.0,3.0,0.0,223.0,382.0,0.584,0.579,160.0,225.0,0.711,63.0,92.0,155.0,91.0,32.0,16.0,65.0,62.0,606.0,0.0,
59.0,LaMelo Ball,24.0,CHO,PG,30.0,29.0,837.0,211.0,508.0,0.415,101.0,273.0,0.37,110.0,235.0,0.468,0.515,79.0,90.0,0.878,29.0,126.0,155.0,231.0,36.0,6.0,102.0,82.0,602.0,1.0,
60.0,Naz Reid,26.0,MIN,C,41.0,1.0,1087.0,225.0,480.0,0.469,99.0,260.0,0.381,126.0,220.0,0.573,0.572,50.0,64.0,0.781,48.0,207.0,255.0,98.0,37.0,36.0,65.0,101.0,599.0,0.0,
61.0,Matas Buzelis,21.0,CHI,PF,40.0,40.0,1109.0,215.0,444.0,0.484,70.0,203.0,0.345,145.0,241.0,0.602,0.563,91.0,118.0,0.771,45.0,163.0,208.0,68.0,29.0,54.0,69.0,104.0,591.0,0.0,
62.0,Jaime Jaquez Jr.,24.0,MIA,SF,37.0,1.0,1066.0,238.0,449.0,0.53,16.0,62.0,0.258,222.0,387.0,0.574,0.548,95.0,127.0,0.748,45.0,145.0,190.0,172.0,29.0,8.0,81.0,74.0,587.0,0.0,
63.0,Zach LaVine,30.0,SAC,SG,29.0,28.0,953.0,205.0,421.0,0.487,78.0,197.0,0.396,127.0,224.0,0.567,0.58,93.0,105.0,0.886,6.0,84.0,90.0,65.0,19.0,6.0,62.0,62.0,581.0,0.0,
64.0,Josh Giddey,23.0,CHI,PG,30.0,30.0,984.0,200.0,429.0,0.466,56.0,145.0,0.386,144.0,284.0,0.507,0.531,121.0,159.0,0.761,35.0,233.0,268.0,270.0,28.0,11.0,107.0,54.0,577.0,7.0,
65.0,Jaden McDaniels,25.0,MIN,PF,39.0,39.0,1240.0,221.0,424.0,0.521,54.0,129.0,0.419,167.0,295.0,0.566,0.585,80.0,96.0,0.833,43.0,130.0,173.0,105.0,43.0,36.0,65.0,132.0,576.0,0.0,
66.0,Andrew Wiggins,30.0,MIA,SF,36.0,36.0,1140.0,220.0,471.0,0.467,67.0,168.0,0.399,153.0,303.0,0.505,0.538,61.0,80.0,0.763,66.0,108.0,174.0,100.0,44.0,40.0,63.0,89.0,568.0,0.0,
67.0,Naji Marshall,28.0,DAL,SF,41.0,18.0,1186.0,207.0,383.0,0.54,35.0,116.0,0.302,172.0,267.0,0.644,0.586,118.0,151.0,0.781,35.0,152.0,187.0,113.0,43.0,4.0,52.0,81.0,567.0,0.0,
68.0,Andrew Nembhard,26.0,IND,PG,32.0,32.0,1014.0,194.0,440.0,0.441,58.0,159.0,0.365,136.0,281.0,0.484,0.507,110.0,135.0,0.815,12.0,72.0,84.0,226.0,31.0,5.0,71.0,73.0,556.0,0.0,
69.0,Jalen Duren,22.0,DET,C,31.0,31.0,880.0,216.0,341.0,0.633,0.0,0.0,,216.0,341.0,0.633,0.633,123.0,170.0,0.724,127.0,203.0,330.0,53.0,29.0,28.0,70.0,98.0,555.0,0.0,
70.0,VJ Edgecombe,20.0,PHI,SG,35.0,35.0,1253.0,206.0,485.0,0.425,79.0,210.0,0.376,127.0,275.0,0.462,0.506,64.0,81.0,0.79,59.0,127.0,186.0,150.0,55.0,18.0,61.0,113.0,555.0,0.0,
71.0,Tim Hardaway Jr.,33.0,DEN,SG,40.0,5.0,1098.0,183.0,399.0,0.459,115.0,278.0,0.414,68.0,121.0,0.562,0.603,72.0,81.0,0.889,8.0,87.0,95.0,56.0,20.0,4.0,16.0,49.0,553.0,0.0,
72.0,Ajay Mitchell,23.0,OKC,SG,39.0,8.0,1027.0,199.0,416.0,0.478,42.0,124.0,0.339,157.0,292.0,0.538,0.529,111.0,126.0,0.881,27.0,108.0,135.0,141.0,56.0,13.0,57.0,86.0,551.0,0.0,
73.0,Donte DiVincenzo,29.0,MIN,SG,41.0,41.0,1290.0,184.0,437.0,0.421,126.0,331.0,0.381,58.0,106.0,0.547,0.565,54.0,71.0,0.761,41.0,143.0,184.0,172.0,53.0,18.0,54.0,99.0,548.0,0.0,
74.0,Santi Aldama,25.0,MEM,PF,39.0,8.0,1091.0,208.0,438.0,0.475,63.0,187.0,0.337,145.0,251.0,0.578,0.547,67.0,98.0,0.684,61.0,203.0,264.0,120.0,35.0,29.0,52.0,61.0,546.0,0.0,
75.0,Franz Wagner,24.0,ORL,SF,24.0,24.0,801.0,187.0,382.0,0.49,36.0,100.0,0.36,151.0,282.0,0.535,0.537,135.0,164.0,0.823,35.0,111.0,146.0,88.0,28.0,9.0,43.0,53.0,545.0,0.0,
76.0,Keldon Johnson,26.0,SAS,SF,40.0,0.0,944.0,204.0,361.0,0.565,51.0,123.0,0.415,153.0,238.0,0.643,0.636,84.0,108.0,0.778,80.0,172.0,252.0,49.0,26.0,3.0,38.0,77.0,543.0,0.0,
77.0,Jabari Smith Jr.,22.0,HOU,PF,36.0,36.0,1247.0,197.0,455.0,0.433,77.0,225.0,0.342,120.0,230.0,0.522,0.518,72.0,95.0,0.758,55.0,193.0,248.0,66.0,27.0,28.0,47.0,101.0,543.0,0.0,
78.0,Saddiq Bey,26.0,NOP,SF,36.0,28.0,1074.0,192.0,435.0,0.441,58.0,183.0,0.317,134.0,252.0,0.532,0.508,100.0,124.0,0.806,60.0,147.0,207.0,81.0,33.0,2.0,21.0,38.0,542.0,0.0,
79.0,Bam Adebayo,28.0,MIA,C,32.0,32.0,986.0,198.0,434.0,0.456,42.0,126.0,0.333,156.0,308.0,0.506,0.505,100.0,132.0,0.758,54.0,256.0,310.0,85.0,31.0,26.0,59.0,56.0,538.0,0.0,
80.0,Peyton Watson,23.0,DEN,SF,39.0,29.0,1145.0,194.0,380.0,0.511,53.0,130.0,0.408,141.0,250.0,0.564,0.58,96.0,129.0,0.744,38.0,158.0,196.0,72.0,39.0,39.0,64.0,97.0,537.0,0.0,
81.0,Stephon Castle,21.0,SAS,PG,31.0,31.0,959.0,181.0,393.0,0.461,33.0,121.0,0.273,148.0,272.0,0.544,0.503,140.0,193.0,0.725,34.0,125.0,159.0,211.0,40.0,8.0,117.0,109.0,535.0,1.0,
82.0,Toumani Camara,25.0,POR,PF,41.0,41.0,1385.0,186.0,444.0,0.419,105.0,300.0,0.35,81.0,144.0,0.563,0.537,53.0,75.0,0.707,73.0,138.0,211.0,111.0,42.0,19.0,87.0,135.0,530.0,0.0,
83.0,Derik Queen,21.0,NOP,C,42.0,30.0,1091.0,204.0,416.0,0.49,7.0,39.0,0.179,197.0,377.0,0.523,0.499,112.0,144.0,0.778,72.0,241.0,313.0,182.0,44.0,41.0,103.0,125.0,527.0,2.0,
84.0,Collin Gillespie,26.0,PHO,PG,40.0,21.0,1119.0,186.0,429.0,0.434,114.0,279.0,0.409,72.0,150.0,0.48,0.566,40.0,47.0,0.851,42.0,124.0,166.0,192.0,58.0,11.0,68.0,58.0,526.0,0.0,
85.0,Anfernee Simons,26.0,BOS,SG,39.0,0.0,936.0,187.0,426.0,0.439,99.0,246.0,0.402,88.0,180.0,0.489,0.555,52.0,59.0,0.881,19.0,72.0,91.0,98.0,17.0,4.0,41.0,67.0,525.0,0.0,
86.0,Jerami Grant,31.0,POR,PF,26.0,14.0,789.0,156.0,358.0,0.436,65.0,167.0,0.389,91.0,191.0,0.476,0.527,142.0,164.0,0.866,30.0,75.0,105.0,69.0,19.0,16.0,57.0,77.0,519.0,0.0,
87.0,Quentin Grimes,25.0,PHI,SG,37.0,7.0,1169.0,166.0,378.0,0.439,80.0,221.0,0.362,86.0,157.0,0.548,0.545,107.0,123.0,0.87,25.0,119.0,144.0,139.0,37.0,18.0,78.0,76.0,519.0,0.0,
88.0,De'Andre Hunter,28.0,CLE,SF,37.0,23.0,992.0,176.0,411.0,0.428,62.0,202.0,0.307,114.0,209.0,0.545,0.504,105.0,120.0,0.875,25.0,135.0,160.0,81.0,23.0,5.0,58.0,96.0,519.0,0.0,
89.0,Bobby Portis,30.0,MIL,PF,40.0,6.0,935.0,207.0,424.0,0.488,76.0,161.0,0.472,131.0,263.0,0.498,0.578,29.0,39.0,0.744,53.0,207.0,260.0,52.0,22.0,7.0,42.0,64.0,519.0,0.0,
90.0,Alex Sarr,20.0,WAS,C,30.0,30.0,831.0,204.0,410.0,0.498,30.0,87.0,0.345,174.0,323.0,0.539,0.534,68.0,96.0,0.708,66.0,161.0,227.0,85.0,23.0,69.0,55.0,59.0,506.0,0.0,
91.0,Ivica Zubac,28.0,LAC,C,34.0,33.0,1064.0,215.0,355.0,0.606,0.0,0.0,,215.0,355.0,0.606,0.606,74.0,102.0,0.725,118.0,246.0,364.0,83.0,14.0,33.0,66.0,86.0,504.0,0.0,
92.0,Cedric Coward,22.0,MEM,SG,36.0,23.0,960.0,179.0,381.0,0.47,55.0,162.0,0.34,124.0,219.0,0.566,0.542,88.0,104.0,0.846,56.0,184.0,240.0,105.0,20.0,11.0,61.0,72.0,501.0,0.0,
93.0,John Collins,28.0,LAC,PF,38.0,29.0,1044.0,191.0,350.0,0.546,49.0,119.0,0.412,142.0,231.0,0.615,0.616,65.0,81.0,0.802,53.0,137.0,190.0,32.0,34.0,35.0,54.0,101.0,496.0,0.0,
94.0,Noah Clowney,21.0,BRK,PF,38.0,32.0,1084.0,149.0,384.0,0.388,79.0,252.0,0.313,70.0,132.0,0.53,0.491,118.0,149.0,0.792,38.0,112.0,150.0,75.0,30.0,32.0,67.0,107.0,495.0,0.0,
95.0,Joel Embiid,31.0,PHI,C,21.0,21.0,615.0,168.0,355.0,0.473,21.0,88.0,0.239,147.0,267.0,0.551,0.503,137.0,161.0,0.851,42.0,104.0,146.0,69.0,14.0,25.0,66.0,47.0,494.0,0.0,
96.0,Ayo Dosunmu,26.0,CHI,SG,34.0,7.0,889.0,179.0,349.0,0.513,62.0,139.0,0.446,117.0,210.0,0.557,0.602,66.0,76.0,0.868,22.0,71.0,93.0,122.0,24.0,8.0,42.0,56.0,486.0,0.0,
97.0,Myles Turner,29.0,MIL,C,39.0,39.0,1110.0,156.0,370.0,0.422,87.0,225.0,0.387,69.0,145.0,0.476,0.539,84.0,111.0,0.757,47.0,161.0,208.0,61.0,26.0,60.0,39.0,105.0,483.0,0.0,
98.0,Dyson Daniels,22.0,ATL,SG,41.0,41.0,1401.0,213.0,424.0,0.502,7.0,62.0,0.113,206.0,362.0,0.569,0.511,49.0,79.0,0.62,90.0,182.0,272.0,254.0,79.0,19.0,89.0,90.0,482.0,1.0,
99.0,Brandin Podziemski,22.0,GSW,SG,41.0,12.0,1093.0,170.0,372.0,0.457,74.0,184.0,0.402,96.0,188.0,0.511,0.556,68.0,89.0,0.764,28.0,152.0,180.0,130.0,43.0,7.0,55.0,77.0,482.0,0.0,
100.0,Devin Vassell,25.0,SAS,SG,32.0,32.0,1020.0,168.0,398.0,0.422,85.0,224.0,0.379,83.0,174.0,0.477,0.529,59.0,68.0,0.868,15.0,114.0,129.0,77.0,29.0,15.0,30.0,65.0,480.0,0.0,
101.0,Reed Sheppard,21.0,HOU,SG,37.0,4.0,941.0,176.0,396.0,0.444,92.0,228.0,0.404,84.0,168.0,0.5,0.561,34.0,44.0,0.773,13.0,85.0,98.0,120.0,53.0,21.0,44.0,80.0,478.0,0.0,
102.0,Deandre Ayton,27.0,LAL,C,34.0,34.0,996.0,219.0,321.0,0.682,0.0,0.0,,219.0,321.0,0.682,0.682,37.0,60.0,0.617,88.0,210.0,298.0,30.0,25.0,34.0,56.0,83.0,475.0,0.0,
103.0,Kyle Kuzma,30.0,MIL,PF,38.0,15.0,987.0,181.0,354.0,0.511,31.0,96.0,0.323,150.0,258.0,0.581,0.555,82.0,110.0,0.745,36.0,141.0,177.0,83.0,25.0,19.0,61.0,89.0,475.0,0.0,
104.0,Kel'el Ware,21.0,MIA,C,40.0,27.0,980.0,187.0,341.0,0.548,48.0,113.0,0.425,139.0,228.0,0.61,0.619,53.0,65.0,0.815,130.0,272.0,402.0,22.0,36.0,47.0,40.0,68.0,475.0,0.0,
105.0,Wendell Carter Jr.,26.0,ORL,C,38.0,38.0,1151.0,167.0,326.0,0.512,44.0,125.0,0.352,123.0,201.0,0.612,0.58,94.0,124.0,0.758,91.0,202.0,293.0,79.0,26.0,27.0,50.0,142.0,472.0,0.0,
106.0,Jaylon Tyson,23.0,CLE,SG,37.0,22.0,997.0,182.0,355.0,0.513,70.0,153.0,0.458,112.0,202.0,0.554,0.611,38.0,52.0,0.731,72.0,124.0,196.0,73.0,38.0,19.0,48.0,110.0,472.0,0.0,
107.0,Nic Claxton,26.0,BRK,C,36.0,35.0,1070.0,188.0,324.0,0.58,2.0,12.0,0.167,186.0,312.0,0.596,0.583,92.0,141.0,0.652,95.0,174.0,269.0,145.0,25.0,49.0,54.0,82.0,470.0,2.0,
108.0,LeBron James,41.0,LAL,SF,21.0,21.0,698.0,174.0,339.0,0.513,33.0,106.0,0.311,141.0,233.0,0.605,0.562,89.0,122.0,0.73,12.0,107.0,119.0,145.0,23.0,12.0,55.0,31.0,470.0,0.0,
109.0,Collin Sexton,27.0,CHO,SG,31.0,12.0,740.0,157.0,324.0,0.485,41.0,105.0,0.39,116.0,219.0,0.53,0.548,115.0,132.0,0.871,15.0,49.0,64.0,128.0,24.0,5.0,72.0,59.0,470.0,0.0,
110.0,Jaylen Wells,22.0,MEM,SG,39.0,39.0,1072.0,161.0,397.0,0.406,67.0,206.0,0.325,94.0,191.0,0.492,0.49,80.0,103.0,0.777,36.0,102.0,138.0,71.0,35.0,3.0,44.0,82.0,469.0,0.0,
111.0,OG Anunoby,28.0,NYK,PF,30.0,30.0,974.0,160.0,351.0,0.456,60.0,171.0,0.351,100.0,180.0,0.556,0.541,87.0,108.0,0.806,41.0,123.0,164.0,65.0,50.0,22.0,60.0,79.0,467.0,0.0,
112.0,Darius Garland,26.0,CLE,PG,26.0,26.0,792.0,170.0,377.0,0.451,59.0,164.0,0.36,111.0,213.0,0.521,0.529,68.0,79.0,0.861,12.0,51.0,63.0,180.0,21.0,3.0,73.0,48.0,467.0,0.0,
113.0,Max Christie,22.0,DAL,SG,38.0,29.0,1103.0,159.0,333.0,0.477,90.0,204.0,0.441,69.0,129.0,0.535,0.613,58.0,68.0,0.853,8.0,124.0,132.0,81.0,18.0,14.0,43.0,57.0,466.0,0.0,
114.0,Cam Spencer,25.0,MEM,SG,38.0,9.0,907.0,148.0,309.0,0.479,89.0,191.0,0.466,59.0,118.0,0.5,0.623,70.0,76.0,0.921,15.0,85.0,100.0,203.0,29.0,2.0,56.0,62.0,455.0,0.0,
115.0,P.J. Washington,27.0,DAL,PF,31.0,31.0,972.0,170.0,374.0,0.455,40.0,129.0,0.31,130.0,245.0,0.531,0.508,74.0,108.0,0.685,43.0,186.0,229.0,58.0,32.0,43.0,67.0,72.0,454.0,0.0,
116.0,RJ Barrett,25.0,TOR,SF,23.0,23.0,698.0,168.0,339.0,0.496,44.0,124.0,0.355,124.0,215.0,0.577,0.56,71.0,103.0,0.689,18.0,98.0,116.0,84.0,19.0,4.0,36.0,55.0,451.0,0.0,
117.0,Harrison Barnes,33.0,SAS,PF,40.0,40.0,1157.0,154.0,354.0,0.435,76.0,209.0,0.364,78.0,145.0,0.538,0.542,66.0,76.0,0.868,32.0,90.0,122.0,87.0,32.0,5.0,39.0,54.0,450.0,0.0,
118.0,Julian Champagnie,24.0,SAS,SF,40.0,26.0,1138.0,145.0,347.0,0.418,96.0,263.0,0.365,49.0,84.0,0.583,0.556,64.0,77.0,0.831,41.0,207.0,248.0,59.0,34.0,17.0,40.0,61.0,450.0,0.0,
119.0,Kyshawn George,22.0,WAS,SF,30.0,30.0,942.0,164.0,353.0,0.465,66.0,165.0,0.4,98.0,188.0,0.521,0.558,54.0,73.0,0.74,26.0,139.0,165.0,147.0,30.0,26.0,94.0,124.0,448.0,0.0,
120.0,Rudy Gobert,33.0,MIN,C,40.0,40.0,1268.0,182.0,254.0,0.717,0.0,1.0,0.0,182.0,253.0,0.719,0.717,76.0,144.0,0.528,156.0,298.0,454.0,73.0,25.0,66.0,54.0,113.0,440.0,0.0,
121.0,Brandon Miller,23.0,CHO,SF,23.0,23.0,686.0,153.0,381.0,0.402,63.0,181.0,0.348,90.0,200.0,0.45,0.484,70.0,85.0,0.824,25.0,74.0,99.0,78.0,23.0,24.0,57.0,67.0,439.0,0.0,
122.0,Mark Williams,24.0,PHO,C,35.0,31.0,839.0,170.0,258.0,0.659,1.0,1.0,1.0,169.0,257.0,0.658,0.661,94.0,118.0,0.797,110.0,182.0,292.0,37.0,38.0,32.0,35.0,79.0,435.0,0.0,
123.0,Klay Thompson,35.0,DAL,SF,38.0,8.0,844.0,152.0,404.0,0.376,106.0,290.0,0.366,46.0,114.0,0.404,0.507,20.0,28.0,0.714,11.0,83.0,94.0,50.0,15.0,12.0,32.0,37.0,430.0,0.0,
124.0,Brice Sensabaugh,22.0,UTA,SF,39.0,9.0,801.0,150.0,338.0,0.444,63.0,190.0,0.332,87.0,148.0,0.588,0.537,65.0,74.0,0.878,31.0,81.0,112.0,60.0,28.0,5.0,50.0,70.0,428.0,0.0,
125.0,Bennedict Mathurin,23.0,IND,SF,24.0,24.0,772.0,134.0,317.0,0.423,53.0,145.0,0.366,81.0,172.0,0.471,0.506,106.0,121.0,0.876,19.0,113.0,132.0,52.0,16.0,4.0,57.0,69.0,427.0,0.0,
126.0,Duncan Robinson,31.0,DET,SF,36.0,36.0,1047.0,140.0,324.0,0.432,101.0,257.0,0.393,39.0,67.0,0.582,0.588,42.0,54.0,0.778,12.0,89.0,101.0,69.0,27.0,11.0,25.0,81.0,423.0,0.0,
127.0,Tre Jones,26.0,CHI,PG,34.0,19.0,914.0,145.0,272.0,0.533,18.0,58.0,0.31,127.0,214.0,0.593,0.566,114.0,134.0,0.851,22.0,75.0,97.0,190.0,45.0,6.0,47.0,47.0,422.0,0.0,
128.0,Royce O'Neale,32.0,PHO,SF,40.0,35.0,1180.0,146.0,339.0,0.431,117.0,279.0,0.419,29.0,60.0,0.483,0.603,10.0,15.0,0.667,28.0,175.0,203.0,113.0,50.0,13.0,59.0,91.0,419.0,0.0,
129.0,Jock Landale,30.0,MEM,C,37.0,19.0,837.0,160.0,309.0,0.518,42.0,107.0,0.393,118.0,202.0,0.584,0.586,50.0,75.0,0.667,108.0,124.0,232.0,62.0,19.0,17.0,36.0,88.0,412.0,0.0,
130.0,Brandon Williams,26.0,DAL,PG,35.0,9.0,775.0,144.0,334.0,0.431,17.0,92.0,0.185,127.0,242.0,0.525,0.457,107.0,135.0,0.793,19.0,82.0,101.0,130.0,41.0,8.0,66.0,60.0,412.0,0.0,
131.0,Sandro Mamukelashvili,26.0,TOR,C,40.0,8.0,854.0,156.0,304.0,0.513,48.0,132.0,0.364,108.0,172.0,0.628,0.592,51.0,66.0,0.773,61.0,134.0,195.0,75.0,27.0,24.0,32.0,74.0,411.0,0.0,
132.0,Kevin Huerter,27.0,CHI,SF,35.0,10.0,849.0,156.0,340.0,0.459,57.0,184.0,0.31,99.0,156.0,0.635,0.543,40.0,52.0,0.769,18.0,113.0,131.0,85.0,30.0,21.0,42.0,72.0,409.0,0.0,
133.0,Anthony Davis,32.0,DAL,PF,20.0,20.0,626.0,169.0,334.0,0.506,10.0,37.0,0.27,159.0,297.0,0.535,0.521,59.0,81.0,0.728,62.0,159.0,221.0,56.0,22.0,33.0,41.0,42.0,407.0,0.0,
134.0,Jarrett Allen,27.0,CLE,C,30.0,30.0,793.0,162.0,272.0,0.596,1.0,7.0,0.143,161.0,265.0,0.608,0.597,81.0,108.0,0.75,64.0,172.0,236.0,65.0,30.0,21.0,47.0,56.0,406.0,0.0,
135.0,Donovan Clingan,21.0,POR,C,37.0,37.0,1002.0,157.0,291.0,0.54,34.0,104.0,0.327,123.0,187.0,0.658,0.598,57.0,86.0,0.663,163.0,232.0,395.0,69.0,18.0,50.0,37.0,91.0,405.0,0.0,
136.0,Zaccharie Risacher,20.0,ATL,SF,36.0,36.0,887.0,156.0,338.0,0.462,57.0,159.0,0.358,99.0,179.0,0.553,0.546,34.0,53.0,0.642,34.0,85.0,119.0,52.0,32.0,19.0,33.0,80.0,403.0,0.0,
137.0,Moses Moody,23.0,GSW,SG,39.0,28.0,948.0,135.0,331.0,0.408,80.0,217.0,0.369,55.0,114.0,0.482,0.529,52.0,64.0,0.813,31.0,89.0,120.0,60.0,36.0,25.0,37.0,78.0,402.0,0.0,
138.0,Dennis Schröder,32.0,SAC,PG,31.0,12.0,845.0,138.0,334.0,0.413,45.0,131.0,0.344,93.0,203.0,0.458,0.481,81.0,99.0,0.818,17.0,85.0,102.0,178.0,26.0,5.0,60.0,53.0,402.0,0.0,
139.0,Jordan Clarkson,33.0,NYK,SG,40.0,0.0,805.0,149.0,341.0,0.437,57.0,166.0,0.343,92.0,175.0,0.526,0.521,43.0,54.0,0.796,31.0,42.0,73.0,55.0,19.0,6.0,44.0,79.0,398.0,0.0,
140.0,Tre Johnson,19.0,WAS,SG,32.0,14.0,775.0,144.0,315.0,0.457,65.0,165.0,0.394,79.0,150.0,0.527,0.56,44.0,48.0,0.917,15.0,79.0,94.0,61.0,22.0,10.0,51.0,60.0,397.0,0.0,
141.0,Jalen Williams,24.0,OKC,SG,22.0,22.0,667.0,153.0,320.0,0.478,16.0,57.0,0.281,137.0,263.0,0.521,0.503,68.0,82.0,0.829,16.0,90.0,106.0,122.0,32.0,8.0,46.0,51.0,390.0,0.0,
142.0,Malik Monk,27.0,SAC,SG,33.0,0.0,721.0,140.0,322.0,0.435,60.0,144.0,0.417,80.0,178.0,0.449,0.528,49.0,58.0,0.845,11.0,56.0,67.0,79.0,24.0,13.0,44.0,56.0,389.0,0.0,
143.0,Vit Krejci,25.0,ATL,PG,38.0,5.0,912.0,131.0,277.0,0.473,95.0,218.0,0.436,36.0,59.0,0.61,0.644,25.0,33.0,0.758,18.0,70.0,88.0,62.0,34.0,12.0,29.0,95.0,382.0,0.0,
144.0,Ausar Thompson,23.0,DET,SF,34.0,33.0,897.0,156.0,306.0,0.51,5.0,18.0,0.278,151.0,288.0,0.524,0.518,65.0,117.0,0.556,69.0,128.0,197.0,90.0,53.0,29.0,55.0,96.0,382.0,0.0,
145.0,A.J. Green,26.0,MIL,SG,37.0,37.0,1093.0,124.0,282.0,0.44,110.0,255.0,0.431,14.0,27.0,0.519,0.635,23.0,29.0,0.793,7.0,90.0,97.0,77.0,24.0,3.0,32.0,92.0,381.0,0.0,
146.0,Kevin Porter Jr.,25.0,MIL,PG,21.0,21.0,722.0,131.0,286.0,0.458,38.0,102.0,0.373,93.0,184.0,0.505,0.524,77.0,92.0,0.837,17.0,92.0,109.0,162.0,48.0,9.0,71.0,45.0,377.0,1.0,
147.0,Neemias Queta,26.0,BOS,C,37.0,37.0,919.0,164.0,250.0,0.656,0.0,4.0,0.0,164.0,246.0,0.667,0.656,47.0,78.0,0.603,115.0,190.0,305.0,52.0,30.0,46.0,32.0,100.0,375.0,0.0,
148.0,Josh Hart,30.0,NYK,SF,30.0,16.0,911.0,140.0,281.0,0.498,49.0,122.0,0.402,91.0,159.0,0.572,0.585,42.0,53.0,0.792,49.0,184.0,233.0,153.0,40.0,10.0,66.0,77.0,371.0,1.0,
149.0,Jake LaRavia,24.0,LAL,PF,38.0,17.0,1036.0,135.0,289.0,0.467,46.0,135.0,0.341,89.0,154.0,0.578,0.547,55.0,75.0,0.733,60.0,102.0,162.0,75.0,51.0,15.0,40.0,87.0,371.0,0.0,
150.0,Jarace Walker,22.0,IND,PF,41.0,12.0,945.0,123.0,336.0,0.366,63.0,177.0,0.356,60.0,159.0,0.377,0.46,61.0,76.0,0.803,18.0,158.0,176.0,77.0,27.0,13.0,62.0,65.0,370.0,0.0,
151.0,Bub Carrington,20.0,WAS,PG,39.0,12.0,1074.0,126.0,320.0,0.394,75.0,184.0,0.408,51.0,136.0,0.375,0.511,39.0,53.0,0.736,15.0,136.0,151.0,176.0,19.0,8.0,84.0,92.0,366.0,0.0,
152.0,Miles McBride,25.0,NYK,SG,29.0,12.0,806.0,126.0,288.0,0.438,85.0,197.0,0.431,41.0,91.0,0.451,0.585,29.0,34.0,0.853,19.0,55.0,74.0,74.0,21.0,6.0,22.0,56.0,366.0,0.0,
153.0,Jordan Poole,26.0,NOP,PG,24.0,6.0,628.0,110.0,295.0,0.373,64.0,188.0,0.34,46.0,107.0,0.43,0.481,81.0,90.0,0.9,6.0,33.0,39.0,78.0,17.0,9.0,48.0,61.0,365.0,0.0,
154.0,Grayson Allen,30.0,PHO,SG,23.0,18.0,678.0,122.0,290.0,0.421,73.0,191.0,0.382,49.0,99.0,0.495,0.547,43.0,52.0,0.827,14.0,52.0,66.0,85.0,38.0,6.0,41.0,53.0,360.0,0.0,
155.0,Kyle Filipowski,22.0,UTA,C,39.0,13.0,858.0,135.0,292.0,0.462,31.0,99.0,0.313,104.0,193.0,0.539,0.515,59.0,85.0,0.694,62.0,174.0,236.0,78.0,25.0,19.0,45.0,103.0,360.0,0.0,
156.0,Egor Dёmin,19.0,BRK,PG,34.0,27.0,847.0,123.0,303.0,0.406,84.0,211.0,0.398,39.0,92.0,0.424,0.545,29.0,35.0,0.829,17.0,91.0,108.0,120.0,32.0,11.0,61.0,62.0,359.0,0.0,
157.0,Caleb Love,24.0,POR,SG,33.0,1.0,709.0,130.0,336.0,0.387,68.0,207.0,0.329,62.0,129.0,0.481,0.488,30.0,41.0,0.732,18.0,72.0,90.0,80.0,16.0,4.0,37.0,43.0,358.0,0.0,
158.0,Isaiah Stewart,24.0,DET,C,34.0,11.0,805.0,138.0,256.0,0.539,31.0,83.0,0.373,107.0,173.0,0.618,0.6,48.0,68.0,0.706,65.0,127.0,192.0,38.0,9.0,70.0,42.0,105.0,355.0,0.0,
159.0,Paul George,35.0,PHI,PF,22.0,22.0,656.0,119.0,287.0,0.415,52.0,140.0,0.371,67.0,147.0,0.456,0.505,61.0,71.0,0.859,13.0,103.0,116.0,79.0,29.0,12.0,39.0,48.0,351.0,0.0,
160.0,Aaron Gordon,30.0,DEN,PF,19.0,16.0,529.0,121.0,235.0,0.515,37.0,90.0,0.411,84.0,145.0,0.579,0.594,72.0,89.0,0.809,29.0,88.0,117.0,34.0,12.0,4.0,22.0,33.0,351.0,0.0,
161.0,Rui Hachimura,27.0,LAL,PF,28.0,27.0,895.0,137.0,264.0,0.519,50.0,113.0,0.442,87.0,151.0,0.576,0.614,27.0,36.0,0.75,22.0,82.0,104.0,24.0,16.0,6.0,23.0,50.0,351.0,0.0,
162.0,Davion Mitchell,27.0,MIA,PG,38.0,38.0,1122.0,140.0,293.0,0.478,43.0,108.0,0.398,97.0,185.0,0.524,0.551,24.0,39.0,0.615,13.0,81.0,94.0,279.0,45.0,4.0,65.0,106.0,347.0,0.0,
163.0,Jalen Suggs,24.0,ORL,PG,23.0,23.0,584.0,121.0,257.0,0.471,44.0,133.0,0.331,77.0,124.0,0.621,0.556,60.0,70.0,0.857,17.0,67.0,84.0,107.0,43.0,12.0,61.0,69.0,346.0,0.0,
164.0,Maxime Raynaud,22.0,SAC,C,33.0,19.0,780.0,147.0,261.0,0.563,8.0,26.0,0.308,139.0,235.0,0.591,0.579,43.0,59.0,0.729,61.0,150.0,211.0,35.0,13.0,17.0,34.0,88.0,345.0,0.0,
165.0,Jay Huff,27.0,IND,C,41.0,22.0,816.0,124.0,274.0,0.453,56.0,180.0,0.311,68.0,94.0,0.723,0.555,40.0,48.0,0.833,40.0,112.0,152.0,54.0,17.0,88.0,36.0,100.0,344.0,0.0,
166.0,Tristan Da Silva,24.0,ORL,SF,35.0,13.0,813.0,128.0,284.0,0.451,57.0,144.0,0.396,71.0,140.0,0.507,0.551,30.0,36.0,0.833,28.0,97.0,125.0,41.0,27.0,7.0,31.0,48.0,343.0,0.0,
167.0,Ja Morant,26.0,MEM,PG,18.0,18.0,510.0,118.0,294.0,0.401,16.0,77.0,0.208,102.0,217.0,0.47,0.429,90.0,100.0,0.9,7.0,51.0,58.0,136.0,18.0,3.0,64.0,34.0,342.0,0.0,
168.0,Coby White,25.0,CHI,SG,19.0,16.0,534.0,110.0,247.0,0.445,39.0,124.0,0.315,71.0,123.0,0.577,0.524,81.0,102.0,0.794,5.0,63.0,68.0,88.0,12.0,1.0,59.0,44.0,340.0,0.0,
169.0,Jusuf Nurkić,31.0,UTA,C,32.0,27.0,830.0,133.0,263.0,0.506,18.0,50.0,0.36,115.0,213.0,0.54,0.54,50.0,90.0,0.556,88.0,232.0,320.0,138.0,45.0,14.0,78.0,103.0,334.0,0.0,
170.0,Marvin Bagley III,26.0,WAS,PF,33.0,7.0,640.0,135.0,215.0,0.628,7.0,17.0,0.412,128.0,198.0,0.646,0.644,54.0,74.0,0.73,82.0,104.0,186.0,50.0,17.0,23.0,38.0,68.0,331.0,0.0,
171.0,Sam Merrill,29.0,CLE,SG,24.0,15.0,619.0,108.0,230.0,0.47,85.0,187.0,0.455,23.0,43.0,0.535,0.654,30.0,34.0,0.882,16.0,41.0,57.0,56.0,17.0,3.0,22.0,68.0,331.0,0.0,
172.0,Jordan Goodwin,27.0,PHO,PG,37.0,2.0,797.0,125.0,319.0,0.392,57.0,167.0,0.341,68.0,152.0,0.447,0.481,22.0,30.0,0.733,72.0,99.0,171.0,82.0,51.0,7.0,44.0,61.0,329.0,0.0,
173.0,Ace Bailey,19.0,UTA,SF,33.0,22.0,771.0,130.0,297.0,0.438,45.0,132.0,0.341,85.0,165.0,0.515,0.513,22.0,32.0,0.688,47.0,58.0,105.0,51.0,23.0,12.0,37.0,77.0,327.0,0.0,
174.0,Cameron Johnson,29.0,DEN,SF,28.0,28.0,857.0,113.0,245.0,0.461,54.0,126.0,0.429,59.0,119.0,0.496,0.571,47.0,58.0,0.81,20.0,80.0,100.0,66.0,17.0,8.0,27.0,63.0,327.0,0.0,
175.0,Gary Trent Jr.,27.0,MIL,SG,38.0,17.0,948.0,112.0,293.0,0.382,76.0,210.0,0.362,36.0,83.0,0.434,0.512,27.0,33.0,0.818,5.0,44.0,49.0,61.0,26.0,2.0,23.0,55.0,327.0,0.0,
176.0,Quinten Post,25.0,GSW,PF,41.0,27.0,740.0,122.0,280.0,0.436,63.0,185.0,0.341,59.0,95.0,0.621,0.548,18.0,22.0,0.818,38.0,119.0,157.0,59.0,21.0,22.0,32.0,81.0,325.0,0.0,
177.0,Kentavious Caldwell-Pope,32.0,MEM,SG,38.0,13.0,810.0,111.0,270.0,0.411,48.0,135.0,0.356,63.0,135.0,0.467,0.5,54.0,58.0,0.931,16.0,76.0,92.0,113.0,31.0,7.0,46.0,39.0,324.0,0.0,
178.0,Svi Mykhailiuk,28.0,UTA,SF,35.0,35.0,867.0,118.0,253.0,0.466,65.0,169.0,0.385,53.0,84.0,0.631,0.595,15.0,17.0,0.882,27.0,64.0,91.0,71.0,17.0,3.0,28.0,47.0,316.0,0.0,
179.0,Kris Dunn,31.0,LAC,PG,40.0,34.0,1082.0,120.0,248.0,0.484,44.0,121.0,0.364,76.0,127.0,0.598,0.573,31.0,40.0,0.775,32.0,81.0,113.0,122.0,60.0,6.0,50.0,93.0,315.0,0.0,
180.0,Dylan Harper,19.0,SAS,SG,30.0,0.0,638.0,123.0,289.0,0.426,20.0,76.0,0.263,103.0,213.0,0.484,0.46,48.0,65.0,0.738,24.0,71.0,95.0,104.0,30.0,5.0,44.0,60.0,314.0,0.0,
181.0,Tobias Harris,33.0,DET,PF,23.0,23.0,631.0,111.0,244.0,0.455,31.0,93.0,0.333,80.0,151.0,0.53,0.518,56.0,66.0,0.848,24.0,81.0,105.0,57.0,14.0,6.0,23.0,47.0,309.0,0.0,
182.0,Isaiah Joe,26.0,OKC,SG,32.0,0.0,628.0,94.0,215.0,0.437,71.0,175.0,0.406,23.0,40.0,0.575,0.602,50.0,57.0,0.877,15.0,66.0,81.0,42.0,17.0,6.0,20.0,52.0,309.0,0.0,
183.0,Jalen Smith,25.0,CHI,C,33.0,4.0,600.0,110.0,239.0,0.46,43.0,129.0,0.333,67.0,110.0,0.609,0.55,41.0,54.0,0.759,67.0,149.0,216.0,41.0,11.0,27.0,30.0,64.0,304.0,0.0,
184.0,Moussa Diabaté,24.0,CHO,C,37.0,11.0,899.0,114.0,184.0,0.62,0.0,0.0,,114.0,184.0,0.62,0.62,74.0,111.0,0.667,138.0,174.0,312.0,54.0,29.0,38.0,31.0,94.0,302.0,0.0,
185.0,Ron Holland,20.0,DET,SF,36.0,5.0,756.0,111.0,271.0,0.41,24.0,99.0,0.242,87.0,172.0,0.506,0.454,56.0,69.0,0.812,40.0,112.0,152.0,50.0,49.0,13.0,48.0,76.0,302.0,0.0,
186.0,Cam Thomas,24.0,BRK,SG,16.0,8.0,403.0,98.0,233.0,0.421,30.0,85.0,0.353,68.0,148.0,0.459,0.485,74.0,86.0,0.86,6.0,22.0,28.0,42.0,4.0,2.0,32.0,23.0,300.0,0.0,
187.0,Simone Fontecchio,30.0,MIA,SF,37.0,1.0,596.0,95.0,244.0,0.389,63.0,173.0,0.364,32.0,71.0,0.451,0.518,44.0,55.0,0.8,17.0,82.0,99.0,52.0,17.0,5.0,32.0,52.0,297.0,0.0,
188.0,Sam Hauser,28.0,BOS,PF,38.0,10.0,854.0,100.0,260.0,0.385,88.0,230.0,0.383,12.0,30.0,0.4,0.554,7.0,8.0,0.875,25.0,111.0,136.0,47.0,22.0,12.0,22.0,46.0,295.0,0.0,
189.0,Jamal Shead,23.0,TOR,PG,42.0,4.0,905.0,99.0,271.0,0.365,48.0,149.0,0.322,51.0,122.0,0.418,0.454,49.0,63.0,0.778,15.0,59.0,74.0,229.0,41.0,6.0,55.0,90.0,295.0,0.0,
190.0,Pelle Larsson,24.0,MIA,SG,32.0,19.0,715.0,103.0,222.0,0.464,33.0,96.0,0.344,70.0,126.0,0.556,0.538,55.0,73.0,0.753,19.0,67.0,86.0,100.0,18.0,8.0,32.0,60.0,294.0,0.0,
191.0,Draymond Green,35.0,GSW,PF,34.0,34.0,914.0,107.0,250.0,0.428,50.0,149.0,0.336,57.0,101.0,0.564,0.528,29.0,44.0,0.659,24.0,177.0,201.0,180.0,31.0,26.0,98.0,107.0,293.0,0.0,
192.0,Bruce Brown,29.0,DEN,SG,41.0,2.0,1012.0,113.0,250.0,0.452,19.0,60.0,0.317,94.0,190.0,0.495,0.49,46.0,60.0,0.767,47.0,126.0,173.0,88.0,40.0,9.0,43.0,97.0,291.0,0.0,
193.0,Kristaps Porziņģis,30.0,ATL,C,17.0,12.0,413.0,96.0,210.0,0.457,31.0,86.0,0.36,65.0,124.0,0.524,0.531,68.0,81.0,0.84,21.0,66.0,87.0,46.0,9.0,22.0,16.0,54.0,291.0,0.0,
194.0,Day'Ron Sharpe,24.0,BRK,C,37.0,3.0,661.0,112.0,185.0,0.605,6.0,28.0,0.214,106.0,157.0,0.675,0.622,61.0,92.0,0.663,90.0,144.0,234.0,86.0,37.0,18.0,58.0,81.0,291.0,0.0,
195.0,Aaron Nesmith,26.0,IND,SF,21.0,18.0,631.0,93.0,259.0,0.359,55.0,149.0,0.369,38.0,110.0,0.345,0.465,49.0,60.0,0.817,32.0,74.0,106.0,44.0,15.0,12.0,27.0,55.0,290.0,0.0,
196.0,T.J. McConnell,33.0,IND,PG,29.0,0.0,506.0,133.0,247.0,0.538,11.0,32.0,0.344,122.0,215.0,0.567,0.561,12.0,13.0,0.923,13.0,54.0,67.0,143.0,35.0,6.0,36.0,33.0,289.0,0.0,
197.0,Aaron Wiggins,27.0,OKC,SG,28.0,9.0,641.0,109.0,244.0,0.447,50.0,130.0,0.385,59.0,114.0,0.518,0.549,19.0,27.0,0.704,17.0,70.0,87.0,49.0,19.0,19.0,30.0,42.0,287.0,0.0,
198.0,Cason Wallace,22.0,OKC,SG,39.0,32.0,1047.0,108.0,263.0,0.411,52.0,148.0,0.351,56.0,115.0,0.487,0.51,17.0,22.0,0.773,33.0,85.0,118.0,82.0,84.0,9.0,35.0,79.0,285.0,0.0,
199.0,Luke Kennard,29.0,ATL,SG,36.0,0.0,738.0,99.0,190.0,0.521,57.0,120.0,0.475,42.0,70.0,0.6,0.671,28.0,30.0,0.933,14.0,54.0,68.0,83.0,28.0,2.0,28.0,43.0,283.0,0.0,
200.0,Jonas Valančiūnas,33.0,DEN,C,33.0,1.0,438.0,115.0,194.0,0.593,3.0,12.0,0.25,112.0,182.0,0.615,0.601,47.0,61.0,0.77,44.0,110.0,154.0,41.0,7.0,20.0,37.0,67.0,280.0,0.0,
201.0,Isaac Okoro,25.0,CHI,SG,32.0,32.0,800.0,104.0,221.0,0.471,35.0,103.0,0.34,69.0,118.0,0.585,0.55,35.0,46.0,0.761,37.0,51.0,88.0,44.0,16.0,17.0,21.0,86.0,278.0,0.0,
202.0,Jose Alvarado,27.0,NOP,PG,35.0,0.0,776.0,101.0,238.0,0.424,56.0,155.0,0.361,45.0,83.0,0.542,0.542,19.0,23.0,0.826,13.0,85.0,98.0,114.0,35.0,4.0,45.0,72.0,277.0,0.0,
203.0,Keegan Murray,25.0,SAC,PF,19.0,18.0,683.0,111.0,259.0,0.429,25.0,92.0,0.272,86.0,167.0,0.515,0.477,30.0,38.0,0.789,30.0,86.0,116.0,29.0,23.0,30.0,22.0,37.0,277.0,0.0,
204.0,Javonte Green,32.0,DET,SG,38.0,4.0,755.0,94.0,214.0,0.439,40.0,114.0,0.351,54.0,100.0,0.54,0.533,47.0,60.0,0.783,29.0,79.0,108.0,32.0,54.0,14.0,27.0,61.0,275.0,0.0,
205.0,Isaiah Collier,21.0,UTA,PG,32.0,3.0,737.0,100.0,196.0,0.51,14.0,41.0,0.341,86.0,155.0,0.555,0.546,60.0,90.0,0.667,9.0,63.0,72.0,211.0,22.0,11.0,75.0,74.0,274.0,0.0,
206.0,Marcus Smart,31.0,LAL,SG,29.0,22.0,825.0,88.0,222.0,0.396,45.0,148.0,0.304,43.0,74.0,0.581,0.498,51.0,55.0,0.927,20.0,70.0,90.0,86.0,41.0,11.0,51.0,80.0,272.0,0.0,
207.0,Isaiah Hartenstein,27.0,OKC,C,24.0,24.0,645.0,116.0,180.0,0.644,0.0,4.0,0.0,116.0,176.0,0.659,0.644,37.0,57.0,0.649,81.0,168.0,249.0,71.0,27.0,18.0,50.0,69.0,269.0,0.0,
208.0,Gradey Dick,22.0,TOR,SG,42.0,0.0,668.0,92.0,224.0,0.411,35.0,118.0,0.297,57.0,106.0,0.538,0.489,48.0,57.0,0.842,22.0,65.0,87.0,30.0,28.0,5.0,21.0,61.0,267.0,0.0,
209.0,Collin Murray-Boyles,20.0,TOR,PF,35.0,11.0,736.0,110.0,206.0,0.534,15.0,42.0,0.357,95.0,164.0,0.579,0.57,30.0,47.0,0.638,88.0,90.0,178.0,65.0,32.0,21.0,38.0,93.0,265.0,0.0,
210.0,Terance Mann,29.0,BRK,SG,34.0,33.0,884.0,96.0,214.0,0.449,28.0,87.0,0.322,68.0,127.0,0.535,0.514,44.0,54.0,0.815,46.0,71.0,117.0,127.0,27.0,10.0,36.0,93.0,264.0,0.0,
211.0,Will Richard,23.0,GSW,SG,36.0,13.0,676.0,93.0,185.0,0.503,43.0,113.0,0.381,50.0,72.0,0.694,0.619,35.0,43.0,0.814,35.0,57.0,92.0,40.0,35.0,3.0,29.0,67.0,264.0,0.0,
212.0,D'Angelo Russell,29.0,DAL,PG,26.0,3.0,495.0,94.0,232.0,0.405,33.0,112.0,0.295,61.0,120.0,0.508,0.476,43.0,60.0,0.717,8.0,53.0,61.0,104.0,12.0,2.0,49.0,30.0,264.0,0.0,
213.0,Ziaire Williams,24.0,BRK,SF,29.0,4.0,654.0,83.0,204.0,0.407,46.0,147.0,0.313,37.0,57.0,0.649,0.52,52.0,60.0,0.867,17.0,53.0,70.0,19.0,33.0,15.0,29.0,58.0,264.0,0.0,
214.0,Luke Kornet,30.0,SAS,C,32.0,22.0,789.0,100.0,152.0,0.658,0.0,0.0,,100.0,152.0,0.658,0.658,63.0,76.0,0.829,101.0,121.0,222.0,63.0,14.0,41.0,16.0,68.0,263.0,0.0,
215.0,Sion James,23.0,CHO,SG,40.0,16.0,1024.0,79.0,195.0,0.405,45.0,119.0,0.378,34.0,76.0,0.447,0.521,56.0,65.0,0.862,21.0,114.0,135.0,77.0,25.0,17.0,33.0,69.0,259.0,0.0,
216.0,Khris Middleton,34.0,WAS,SF,27.0,27.0,651.0,97.0,224.0,0.433,22.0,73.0,0.301,75.0,151.0,0.497,0.482,42.0,52.0,0.808,24.0,81.0,105.0,88.0,21.0,8.0,44.0,75.0,258.0,0.0,
217.0,Precious Achiuwa,26.0,SAC,C,34.0,20.0,706.0,104.0,210.0,0.495,13.0,39.0,0.333,91.0,171.0,0.532,0.526,34.0,66.0,0.515,65.0,124.0,189.0,40.0,30.0,19.0,19.0,58.0,255.0,0.0,
218.0,Luguentz Dort,26.0,OKC,SF,31.0,31.0,834.0,89.0,232.0,0.384,56.0,173.0,0.324,33.0,59.0,0.559,0.504,21.0,23.0,0.913,26.0,88.0,114.0,32.0,29.0,18.0,21.0,95.0,255.0,0.0,
219.0,Bilal Coulibaly,21.0,WAS,SG,25.0,25.0,664.0,82.0,209.0,0.392,24.0,88.0,0.273,58.0,121.0,0.479,0.45,65.0,85.0,0.765,23.0,94.0,117.0,62.0,36.0,23.0,40.0,72.0,253.0,0.0,
220.0,Nikola Jović,22.0,MIA,PF,29.0,1.0,571.0,83.0,212.0,0.392,34.0,110.0,0.309,49.0,102.0,0.48,0.472,53.0,68.0,0.779,15.0,96.0,111.0,83.0,20.0,12.0,53.0,52.0,253.0,0.0,
221.0,Buddy Hield,33.0,GSW,SG,35.0,3.0,586.0,93.0,224.0,0.415,48.0,148.0,0.324,45.0,76.0,0.592,0.522,18.0,20.0,0.9,22.0,63.0,85.0,48.0,28.0,3.0,36.0,44.0,252.0,0.0,
222.0,Tari Eason,24.0,HOU,PF,21.0,9.0,498.0,95.0,199.0,0.477,45.0,96.0,0.469,50.0,103.0,0.485,0.59,16.0,25.0,0.64,40.0,85.0,125.0,33.0,24.0,13.0,34.0,43.0,251.0,0.0,
223.0,Dru Smith,28.0,MIA,SG,40.0,1.0,674.0,86.0,196.0,0.439,28.0,82.0,0.341,58.0,114.0,0.509,0.51,51.0,63.0,0.81,28.0,67.0,95.0,105.0,59.0,12.0,38.0,64.0,251.0,0.0,
224.0,Justin Champagnie,24.0,WAS,SF,37.0,9.0,661.0,96.0,196.0,0.49,22.0,70.0,0.314,74.0,126.0,0.587,0.546,36.0,50.0,0.72,78.0,129.0,207.0,38.0,26.0,22.0,18.0,60.0,250.0,0.0,
225.0,Walter Clayton,22.0,UTA,PG,35.0,0.0,612.0,81.0,197.0,0.411,39.0,115.0,0.339,42.0,82.0,0.512,0.51,47.0,49.0,0.959,11.0,59.0,70.0,111.0,19.0,8.0,40.0,66.0,248.0,0.0,
226.0,Patrick Williams,24.0,CHI,PF,38.0,1.0,708.0,86.0,232.0,0.371,49.0,124.0,0.395,37.0,108.0,0.343,0.476,26.0,39.0,0.667,25.0,87.0,112.0,46.0,28.0,10.0,34.0,47.0,247.0,0.0,
227.0,Dominick Barlow,22.0,PHI,PF,29.0,26.0,707.0,96.0,174.0,0.552,12.0,45.0,0.267,84.0,129.0,0.651,0.586,37.0,47.0,0.787,60.0,90.0,150.0,39.0,21.0,22.0,29.0,66.0,241.0,0.0,
228.0,Ryan Kalkbrenner,24.0,CHO,C,28.0,25.0,701.0,102.0,131.0,0.779,0.0,2.0,0.0,102.0,129.0,0.791,0.779,36.0,49.0,0.735,72.0,104.0,176.0,16.0,18.0,49.0,30.0,49.0,240.0,0.0,
229.0,Tyrese Martin,26.0,BRK,SG,31.0,6.0,607.0,89.0,224.0,0.397,45.0,132.0,0.341,44.0,92.0,0.478,0.498,17.0,24.0,0.708,29.0,63.0,92.0,66.0,21.0,4.0,31.0,30.0,240.0,0.0,
230.0,Andre Drummond,32.0,PHI,C,34.0,15.0,679.0,92.0,183.0,0.503,17.0,45.0,0.378,75.0,138.0,0.543,0.549,38.0,58.0,0.655,114.0,185.0,299.0,26.0,19.0,29.0,28.0,69.0,239.0,0.0,
231.0,Daniss Jenkins,24.0,DET,PG,31.0,6.0,508.0,86.0,201.0,0.428,30.0,77.0,0.39,56.0,124.0,0.452,0.502,35.0,44.0,0.795,18.0,39.0,57.0,101.0,27.0,3.0,43.0,39.0,237.0,0.0,
232.0,Luka Garza,27.0,BOS,C,31.0,1.0,506.0,84.0,136.0,0.618,21.0,41.0,0.512,63.0,95.0,0.663,0.695,43.0,54.0,0.796,76.0,59.0,135.0,29.0,11.0,16.0,12.0,78.0,232.0,0.0,
233.0,Caris LeVert,31.0,DET,SG,28.0,0.0,559.0,82.0,187.0,0.439,34.0,92.0,0.37,48.0,95.0,0.505,0.529,34.0,51.0,0.667,7.0,42.0,49.0,80.0,24.0,18.0,39.0,38.0,232.0,0.0,
234.0,Kelly Oubre Jr.,30.0,PHI,SF,17.0,13.0,542.0,85.0,181.0,0.47,27.0,81.0,0.333,58.0,100.0,0.58,0.544,33.0,42.0,0.786,17.0,67.0,84.0,19.0,19.0,14.0,25.0,45.0,230.0,0.0,
235.0,Daniel Gafford,27.0,DAL,C,29.0,20.0,602.0,88.0,140.0,0.629,0.0,0.0,,88.0,140.0,0.629,0.629,51.0,67.0,0.761,58.0,130.0,188.0,24.0,23.0,38.0,39.0,75.0,227.0,0.0,
236.0,Ja'Kobe Walter,21.0,TOR,SG,37.0,9.0,654.0,78.0,181.0,0.431,44.0,120.0,0.367,34.0,61.0,0.557,0.552,27.0,36.0,0.75,26.0,52.0,78.0,32.0,32.0,6.0,19.0,72.0,227.0,0.0,
237.0,Ryan Dunn,23.0,PHO,SF,33.0,11.0,714.0,89.0,200.0,0.445,27.0,88.0,0.307,62.0,112.0,0.554,0.513,18.0,26.0,0.692,55.0,101.0,156.0,60.0,33.0,18.0,36.0,82.0,223.0,0.0,
238.0,Goga Bitadze,26.0,ORL,C,36.0,1.0,613.0,91.0,132.0,0.689,2.0,10.0,0.2,89.0,122.0,0.73,0.697,36.0,49.0,0.735,78.0,114.0,192.0,46.0,30.0,45.0,20.0,85.0,220.0,0.0,
239.0,Jrue Holiday,35.0,POR,PG,14.0,12.0,438.0,80.0,185.0,0.432,35.0,97.0,0.361,45.0,88.0,0.511,0.527,25.0,30.0,0.833,19.0,54.0,73.0,106.0,20.0,3.0,39.0,27.0,220.0,0.0,
240.0,Bones Hyland,25.0,MIN,PG,32.0,3.0,445.0,79.0,175.0,0.451,39.0,108.0,0.361,40.0,67.0,0.597,0.563,23.0,30.0,0.767,6.0,39.0,45.0,81.0,17.0,7.0,25.0,53.0,220.0,0.0,
241.0,Tyler Herro,26.0,MIA,SG,10.0,9.0,318.0,81.0,166.0,0.488,20.0,60.0,0.333,61.0,106.0,0.575,0.548,37.0,41.0,0.902,5.0,45.0,50.0,27.0,8.0,4.0,16.0,19.0,219.0,0.0,
242.0,Spencer Jones,24.0,DEN,SF,36.0,25.0,800.0,79.0,155.0,0.51,35.0,90.0,0.389,44.0,65.0,0.677,0.623,26.0,41.0,0.634,42.0,62.0,104.0,34.0,32.0,14.0,23.0,103.0,219.0,0.0,
243.0,Herbert Jones,27.0,NOP,SF,23.0,23.0,651.0,80.0,203.0,0.394,32.0,96.0,0.333,48.0,107.0,0.449,0.473,26.0,32.0,0.813,25.0,59.0,84.0,52.0,38.0,7.0,30.0,75.0,218.0,0.0,
244.0,Sidy Cissoko,21.0,POR,SF,36.0,16.0,752.0,72.0,184.0,0.391,39.0,117.0,0.333,33.0,67.0,0.493,0.497,34.0,47.0,0.723,30.0,48.0,78.0,55.0,24.0,9.0,40.0,96.0,217.0,0.0,
245.0,Brook Lopez,37.0,LAC,C,33.0,7.0,565.0,73.0,201.0,0.363,50.0,148.0,0.338,23.0,53.0,0.434,0.488,20.0,24.0,0.833,12.0,77.0,89.0,30.0,14.0,32.0,25.0,54.0,216.0,0.0,
246.0,Jordan Walsh,21.0,BOS,PF,34.0,20.0,663.0,81.0,145.0,0.559,27.0,61.0,0.443,54.0,84.0,0.643,0.652,25.0,31.0,0.806,47.0,112.0,159.0,30.0,33.0,16.0,19.0,79.0,214.0,0.0,
247.0,Tre Mann,24.0,CHO,PG,26.0,1.0,457.0,81.0,217.0,0.373,36.0,112.0,0.321,45.0,105.0,0.429,0.456,15.0,17.0,0.882,18.0,47.0,65.0,60.0,14.0,3.0,37.0,49.0,213.0,0.0,
248.0,Ryan Nembhard,22.0,DAL,PG,28.0,17.0,573.0,90.0,192.0,0.469,28.0,71.0,0.394,62.0,121.0,0.512,0.542,5.0,7.0,0.714,6.0,46.0,52.0,143.0,6.0,0.0,43.0,43.0,213.0,0.0,
249.0,Isaiah Jackson,24.0,IND,C,29.0,14.0,530.0,83.0,142.0,0.585,0.0,0.0,,83.0,142.0,0.585,0.585,46.0,62.0,0.742,73.0,98.0,171.0,24.0,21.0,24.0,33.0,87.0,212.0,0.0,
250.0,Jonathan Kuminga,23.0,GSW,PF,18.0,13.0,446.0,78.0,181.0,0.431,16.0,50.0,0.32,62.0,131.0,0.473,0.475,40.0,54.0,0.741,28.0,83.0,111.0,46.0,5.0,6.0,44.0,31.0,212.0,0.0,
251.0,Bryce McGowens,23.0,NOP,SG,27.0,11.0,533.0,70.0,147.0,0.476,24.0,52.0,0.462,46.0,95.0,0.484,0.558,48.0,64.0,0.75,9.0,47.0,56.0,37.0,17.0,4.0,15.0,51.0,212.0,0.0,
252.0,Oso Ighodaro,23.0,PHO,PF,40.0,7.0,781.0,93.0,150.0,0.62,0.0,1.0,0.0,93.0,149.0,0.624,0.62,24.0,50.0,0.48,54.0,121.0,175.0,73.0,35.0,22.0,47.0,103.0,210.0,0.0,
253.0,Josh Okogie,27.0,HOU,SG,37.0,22.0,709.0,73.0,165.0,0.442,34.0,87.0,0.391,39.0,78.0,0.5,0.545,29.0,41.0,0.707,42.0,61.0,103.0,35.0,35.0,6.0,28.0,58.0,209.0,0.0,
254.0,Kris Murray,25.0,POR,SF,34.0,11.0,874.0,78.0,175.0,0.446,20.0,78.0,0.256,58.0,97.0,0.598,0.503,31.0,42.0,0.738,61.0,75.0,136.0,42.0,40.0,14.0,31.0,68.0,207.0,0.0,
255.0,Tristan Vukcevic,22.0,WAS,C,30.0,2.0,342.0,70.0,154.0,0.455,12.0,60.0,0.2,58.0,94.0,0.617,0.494,55.0,72.0,0.764,17.0,54.0,71.0,29.0,8.0,20.0,30.0,37.0,207.0,0.0,
256.0,Keon Ellis,26.0,SAC,SG,39.0,5.0,675.0,71.0,185.0,0.384,45.0,126.0,0.357,26.0,59.0,0.441,0.505,19.0,30.0,0.633,14.0,38.0,52.0,23.0,44.0,19.0,19.0,63.0,206.0,0.0,
257.0,Jakob Poeltl,30.0,TOR,C,21.0,21.0,531.0,88.0,127.0,0.693,0.0,0.0,,88.0,127.0,0.693,0.693,28.0,47.0,0.596,57.0,105.0,162.0,45.0,16.0,11.0,33.0,66.0,204.0,0.0,
258.0,Jaxson Hayes,25.0,LAL,C,32.0,4.0,563.0,82.0,107.0,0.766,1.0,1.0,1.0,81.0,106.0,0.764,0.771,38.0,58.0,0.655,47.0,81.0,128.0,28.0,12.0,18.0,17.0,66.0,203.0,0.0,
259.0,Kobe Sanders,23.0,LAC,SG,32.0,5.0,636.0,73.0,168.0,0.435,29.0,80.0,0.363,44.0,88.0,0.5,0.521,28.0,32.0,0.875,15.0,59.0,74.0,48.0,18.0,4.0,43.0,71.0,203.0,0.0,
260.0,Dean Wade,29.0,CLE,PF,34.0,13.0,770.0,67.0,169.0,0.396,41.0,126.0,0.325,26.0,43.0,0.605,0.518,22.0,30.0,0.733,28.0,109.0,137.0,54.0,24.0,13.0,9.0,57.0,197.0,0.0,
261.0,Nicolas Batum,37.0,LAC,PF,39.0,3.0,810.0,63.0,152.0,0.414,60.0,145.0,0.414,3.0,7.0,0.429,0.612,9.0,11.0,0.818,16.0,87.0,103.0,31.0,32.0,17.0,25.0,70.0,195.0,0.0,
262.0,Nique Clifford,23.0,SAC,SG,37.0,3.0,688.0,74.0,184.0,0.402,25.0,82.0,0.305,49.0,102.0,0.48,0.47,22.0,32.0,0.688,23.0,79.0,102.0,45.0,23.0,9.0,42.0,75.0,195.0,0.0,
263.0,Ben Sheppard,24.0,IND,SG,30.0,11.0,710.0,70.0,185.0,0.378,35.0,110.0,0.318,35.0,75.0,0.467,0.473,20.0,25.0,0.8,20.0,89.0,109.0,55.0,18.0,3.0,17.0,57.0,195.0,0.0,
264.0,Corey Kispert,26.0,2TM,SF,21.0,2.0,409.0,65.0,134.0,0.485,33.0,86.0,0.384,32.0,48.0,0.667,0.608,32.0,42.0,0.762,6.0,40.0,46.0,36.0,9.0,3.0,17.0,23.0,195.0,0.0,
264.0,Corey Kispert,26.0,WAS,SF,19.0,2.0,370.0,59.0,119.0,0.496,30.0,76.0,0.395,29.0,43.0,0.674,0.622,26.0,34.0,0.765,6.0,38.0,44.0,32.0,8.0,3.0,14.0,20.0,174.0,0.0,
264.0,Corey Kispert,26.0,ATL,SF,2.0,0.0,39.0,6.0,15.0,0.4,3.0,10.0,0.3,3.0,5.0,0.6,0.5,6.0,8.0,0.75,0.0,2.0,2.0,4.0,1.0,0.0,3.0,3.0,21.0,0.0,
265.0,Vince Williams Jr.,25.0,MEM,PG,25.0,11.0,547.0,67.0,191.0,0.351,33.0,110.0,0.3,34.0,81.0,0.42,0.437,27.0,33.0,0.818,20.0,87.0,107.0,122.0,18.0,13.0,49.0,52.0,194.0,0.0,
266.0,Yves Missi,21.0,NOP,C,35.0,7.0,636.0,82.0,149.0,0.55,0.0,0.0,,82.0,149.0,0.55,0.55,29.0,49.0,0.592,101.0,92.0,193.0,41.0,12.0,43.0,26.0,57.0,193.0,0.0,
267.0,Cam Whitmore,21.0,WAS,SF,21.0,0.0,354.0,77.0,169.0,0.456,16.0,56.0,0.286,61.0,113.0,0.54,0.503,23.0,31.0,0.742,19.0,39.0,58.0,15.0,15.0,8.0,18.0,25.0,193.0,0.0,
268.0,Trae Young,27.0,ATL,PG,10.0,10.0,280.0,56.0,135.0,0.415,18.0,59.0,0.305,38.0,76.0,0.5,0.481,63.0,73.0,0.863,0.0,15.0,15.0,89.0,10.0,1.0,26.0,20.0,193.0,0.0,
269.0,Jaden Ivey,23.0,DET,SG,23.0,2.0,388.0,71.0,157.0,0.452,24.0,71.0,0.338,47.0,86.0,0.547,0.529,26.0,32.0,0.813,13.0,37.0,50.0,41.0,13.0,7.0,20.0,31.0,192.0,0.0,
270.0,Jared McCain,21.0,PHI,SG,30.0,1.0,518.0,69.0,195.0,0.354,30.0,93.0,0.323,39.0,102.0,0.382,0.431,22.0,25.0,0.88,4.0,62.0,66.0,48.0,22.0,1.0,23.0,36.0,190.0,0.0,
271.0,Gary Payton II,33.0,GSW,SG,38.0,1.0,477.0,86.0,158.0,0.544,11.0,42.0,0.262,75.0,116.0,0.647,0.579,7.0,12.0,0.583,45.0,78.0,123.0,62.0,22.0,13.0,32.0,57.0,190.0,0.0,
272.0,Domantas Sabonis,29.0,SAC,C,11.0,11.0,365.0,74.0,145.0,0.51,4.0,20.0,0.2,70.0,125.0,0.56,0.524,37.0,51.0,0.725,37.0,98.0,135.0,41.0,13.0,2.0,28.0,44.0,189.0,0.0,
273.0,Nae'Qwan Tomlin,25.0,CLE,PF,31.0,2.0,481.0,74.0,154.0,0.481,14.0,56.0,0.25,60.0,98.0,0.612,0.526,27.0,38.0,0.711,39.0,50.0,89.0,25.0,22.0,23.0,11.0,58.0,189.0,0.0,
274.0,Mouhamed Gueye,23.0,ATL,PF,40.0,4.0,641.0,74.0,163.0,0.454,18.0,68.0,0.265,56.0,95.0,0.589,0.509,22.0,35.0,0.629,48.0,94.0,142.0,37.0,31.0,24.0,24.0,68.0,188.0,0.0,
275.0,Josh Minott,23.0,BOS,PF,29.0,10.0,510.0,66.0,131.0,0.504,32.0,73.0,0.438,34.0,58.0,0.586,0.626,20.0,26.0,0.769,39.0,76.0,115.0,32.0,24.0,11.0,18.0,49.0,184.0,0.0,
276.0,Alex Caruso,31.0,OKC,SG,29.0,0.0,535.0,67.0,153.0,0.438,29.0,92.0,0.315,38.0,61.0,0.623,0.533,20.0,22.0,0.909,17.0,65.0,82.0,62.0,40.0,11.0,23.0,37.0,183.0,0.0,
277.0,Jaden Hardy,23.0,DAL,SG,28.0,3.0,336.0,61.0,152.0,0.401,36.0,96.0,0.375,25.0,56.0,0.446,0.52,23.0,27.0,0.852,10.0,30.0,40.0,17.0,7.0,2.0,23.0,33.0,181.0,0.0,
278.0,Cole Anthony,25.0,MIL,PG,28.0,0.0,413.0,76.0,178.0,0.427,15.0,54.0,0.278,61.0,124.0,0.492,0.469,13.0,22.0,0.591,12.0,59.0,71.0,102.0,18.0,8.0,52.0,58.0,180.0,0.0,
279.0,Tyler Kolek,24.0,NYK,PG,35.0,1.0,478.0,73.0,168.0,0.435,24.0,73.0,0.329,49.0,95.0,0.516,0.506,10.0,15.0,0.667,13.0,58.0,71.0,101.0,15.0,3.0,33.0,52.0,180.0,0.0,
280.0,Aaron Holiday,29.0,HOU,PG,29.0,1.0,416.0,58.0,145.0,0.4,38.0,100.0,0.38,20.0,45.0,0.444,0.531,25.0,29.0,0.862,4.0,21.0,25.0,30.0,13.0,4.0,21.0,40.0,179.0,0.0,
281.0,Drake Powell,20.0,BRK,SG,28.0,3.0,519.0,64.0,136.0,0.471,20.0,64.0,0.313,44.0,72.0,0.611,0.544,30.0,34.0,0.882,6.0,41.0,47.0,45.0,16.0,5.0,28.0,43.0,178.0,0.0,
282.0,Danny Wolf,21.0,BRK,PF,24.0,3.0,466.0,63.0,165.0,0.382,25.0,73.0,0.342,38.0,92.0,0.413,0.458,26.0,32.0,0.813,24.0,79.0,103.0,42.0,16.0,8.0,26.0,40.0,177.0,0.0,
283.0,Steven Adams,32.0,HOU,C,30.0,10.0,678.0,65.0,130.0,0.5,0.0,0.0,,65.0,130.0,0.5,0.5,46.0,79.0,0.582,134.0,121.0,255.0,46.0,22.0,18.0,34.0,54.0,176.0,0.0,
284.0,Mike Conley,38.0,MIN,PG,35.0,7.0,644.0,51.0,140.0,0.364,38.0,106.0,0.358,13.0,34.0,0.382,0.5,36.0,40.0,0.9,12.0,49.0,61.0,106.0,20.0,7.0,21.0,54.0,176.0,0.0,
285.0,Derrick Jones Jr.,28.0,LAC,SF,17.0,13.0,411.0,65.0,117.0,0.556,22.0,55.0,0.4,43.0,62.0,0.694,0.65,24.0,31.0,0.774,15.0,30.0,45.0,20.0,13.0,18.0,14.0,35.0,176.0,0.0,
286.0,Craig Porter Jr.,25.0,CLE,PG,37.0,1.0,645.0,71.0,148.0,0.48,20.0,51.0,0.392,51.0,97.0,0.526,0.547,14.0,22.0,0.636,56.0,78.0,134.0,105.0,37.0,23.0,31.0,41.0,176.0,0.0,
287.0,Paul Reed,26.0,DET,C,30.0,6.0,367.0,76.0,129.0,0.589,7.0,20.0,0.35,69.0,109.0,0.633,0.616,17.0,30.0,0.567,58.0,71.0,129.0,38.0,27.0,19.0,30.0,49.0,176.0,0.0,
288.0,Dalton Knecht,24.0,LAL,SF,33.0,1.0,441.0,65.0,149.0,0.436,28.0,90.0,0.311,37.0,59.0,0.627,0.53,11.0,16.0,0.688,11.0,44.0,55.0,13.0,8.0,9.0,16.0,36.0,169.0,0.0,
289.0,De'Anthony Melton,27.0,GSW,PG,16.0,0.0,329.0,60.0,142.0,0.423,22.0,71.0,0.31,38.0,71.0,0.535,0.5,27.0,34.0,0.794,10.0,30.0,40.0,28.0,23.0,8.0,21.0,38.0,169.0,0.0,
290.0,Robert Williams,28.0,POR,C,28.0,1.0,441.0,75.0,104.0,0.721,3.0,11.0,0.273,72.0,93.0,0.774,0.736,14.0,20.0,0.7,56.0,112.0,168.0,28.0,17.0,35.0,18.0,35.0,167.0,0.0,
291.0,Jaylen Clark,24.0,MIN,SG,38.0,0.0,541.0,58.0,135.0,0.43,17.0,57.0,0.298,41.0,78.0,0.526,0.493,33.0,51.0,0.647,35.0,40.0,75.0,22.0,31.0,6.0,14.0,57.0,166.0,0.0,
292.0,Kevin Love,37.0,UTA,PF,23.0,4.0,399.0,54.0,134.0,0.403,34.0,96.0,0.354,20.0,38.0,0.526,0.53,24.0,30.0,0.8,36.0,89.0,125.0,43.0,7.0,7.0,17.0,43.0,166.0,0.0,
293.0,Micah Peavy,24.0,NOP,SG,36.0,1.0,563.0,69.0,179.0,0.385,15.0,64.0,0.234,54.0,115.0,0.47,0.427,11.0,15.0,0.733,30.0,46.0,76.0,40.0,22.0,5.0,11.0,63.0,164.0,0.0,
294.0,Jase Richardson,20.0,ORL,SG,28.0,0.0,330.0,61.0,121.0,0.504,21.0,49.0,0.429,40.0,72.0,0.556,0.591,21.0,30.0,0.7,14.0,25.0,39.0,36.0,8.0,2.0,17.0,27.0,164.0,0.0,
295.0,Tidjane Salaün,20.0,CHO,PF,25.0,0.0,418.0,58.0,117.0,0.496,26.0,62.0,0.419,32.0,55.0,0.582,0.607,19.0,27.0,0.704,17.0,89.0,106.0,22.0,11.0,6.0,19.0,40.0,161.0,0.0,
296.0,Will Riley,19.0,WAS,SF,31.0,0.0,412.0,58.0,133.0,0.436,11.0,44.0,0.25,47.0,89.0,0.528,0.477,32.0,38.0,0.842,24.0,38.0,62.0,37.0,13.0,4.0,25.0,21.0,159.0,0.0,
297.0,Drew Eubanks,28.0,SAC,C,30.0,11.0,420.0,66.0,110.0,0.6,1.0,4.0,0.25,65.0,106.0,0.613,0.605,24.0,43.0,0.558,25.0,57.0,82.0,8.0,12.0,19.0,25.0,41.0,157.0,0.0,
298.0,Jaylin Williams,23.0,OKC,PF,27.0,3.0,495.0,49.0,137.0,0.358,33.0,111.0,0.297,16.0,26.0,0.615,0.478,26.0,37.0,0.703,15.0,118.0,133.0,67.0,18.0,15.0,26.0,52.0,157.0,0.0,
299.0,Jalen Pickett,26.0,DEN,SG,26.0,8.0,437.0,60.0,129.0,0.465,31.0,70.0,0.443,29.0,59.0,0.492,0.585,5.0,5.0,1.0,12.0,53.0,65.0,61.0,8.0,3.0,20.0,24.0,156.0,0.0,
300.0,Justin Edwards,22.0,PHI,SF,31.0,5.0,461.0,54.0,144.0,0.375,31.0,95.0,0.326,23.0,49.0,0.469,0.483,15.0,17.0,0.882,15.0,34.0,49.0,36.0,21.0,7.0,21.0,49.0,154.0,0.0,
301.0,Asa Newell,20.0,ATL,PF,31.0,0.0,330.0,60.0,108.0,0.556,24.0,54.0,0.444,36.0,54.0,0.667,0.667,10.0,19.0,0.526,26.0,35.0,61.0,18.0,11.0,10.0,16.0,51.0,154.0,0.0,
302.0,Pat Spencer,29.0,GSW,PG,26.0,3.0,383.0,58.0,144.0,0.403,16.0,44.0,0.364,42.0,100.0,0.42,0.458,21.0,24.0,0.875,19.0,36.0,55.0,81.0,18.0,1.0,25.0,32.0,153.0,0.0,
303.0,Karlo Matković,24.0,NOP,PF,30.0,2.0,374.0,66.0,104.0,0.635,12.0,30.0,0.4,54.0,74.0,0.73,0.692,8.0,15.0,0.533,25.0,71.0,96.0,23.0,8.0,24.0,17.0,44.0,152.0,0.0,
304.0,Jabari Walker,23.0,PHI,PF,37.0,6.0,475.0,53.0,124.0,0.427,13.0,53.0,0.245,40.0,71.0,0.563,0.48,32.0,44.0,0.727,48.0,75.0,123.0,20.0,9.0,11.0,17.0,65.0,151.0,0.0,
305.0,Branden Carlson,26.0,OKC,C,30.0,2.0,327.0,61.0,115.0,0.53,19.0,54.0,0.352,42.0,61.0,0.689,0.613,9.0,17.0,0.529,17.0,58.0,75.0,18.0,6.0,15.0,11.0,28.0,150.0,0.0,
306.0,Zach Edey,23.0,MEM,C,11.0,11.0,284.0,62.0,98.0,0.633,1.0,5.0,0.2,61.0,93.0,0.656,0.638,25.0,32.0,0.781,43.0,79.0,122.0,12.0,7.0,21.0,26.0,37.0,150.0,0.0,
307.0,Taylor Hendricks,22.0,UTA,PF,28.0,6.0,433.0,52.0,109.0,0.477,22.0,58.0,0.379,30.0,51.0,0.588,0.578,23.0,30.0,0.767,27.0,61.0,88.0,20.0,12.0,7.0,15.0,35.0,149.0,0.0,
308.0,Al Horford,39.0,GSW,C,22.0,1.0,423.0,52.0,136.0,0.382,34.0,98.0,0.347,18.0,38.0,0.474,0.507,10.0,10.0,1.0,22.0,84.0,106.0,42.0,17.0,22.0,21.0,24.0,148.0,0.0,
309.0,Jarred Vanderbilt,26.0,LAL,PF,29.0,3.0,581.0,54.0,117.0,0.462,16.0,51.0,0.314,38.0,66.0,0.576,0.53,22.0,31.0,0.71,49.0,103.0,152.0,39.0,24.0,9.0,36.0,59.0,146.0,0.0,
310.0,Keaton Wallace,26.0,ATL,PG,35.0,2.0,427.0,54.0,127.0,0.425,33.0,80.0,0.413,21.0,47.0,0.447,0.555,5.0,10.0,0.5,2.0,42.0,44.0,77.0,20.0,4.0,22.0,36.0,146.0,0.0,
311.0,Lonzo Ball,28.0,CLE,PG,28.0,3.0,619.0,48.0,154.0,0.312,35.0,127.0,0.276,13.0,27.0,0.481,0.425,14.0,20.0,0.7,25.0,89.0,114.0,122.0,36.0,8.0,44.0,37.0,145.0,0.0,
312.0,Jamaree Bouyea,26.0,PHO,PG,19.0,0.0,280.0,59.0,105.0,0.562,16.0,39.0,0.41,43.0,66.0,0.652,0.638,11.0,16.0,0.688,10.0,29.0,39.0,33.0,12.0,7.0,7.0,14.0,145.0,0.0,
313.0,Jordan Hawkins,23.0,NOP,SG,33.0,0.0,469.0,52.0,161.0,0.323,27.0,89.0,0.303,25.0,72.0,0.347,0.407,13.0,17.0,0.765,13.0,44.0,57.0,24.0,5.0,7.0,20.0,21.0,144.0,0.0,
314.0,Ochai Agbaji,25.0,TOR,SG,33.0,11.0,513.0,57.0,134.0,0.425,9.0,48.0,0.188,48.0,86.0,0.558,0.459,20.0,23.0,0.87,24.0,54.0,78.0,25.0,14.0,9.0,12.0,62.0,143.0,0.0,
315.0,Thomas Bryant,28.0,CLE,C,30.0,0.0,279.0,51.0,98.0,0.52,16.0,47.0,0.34,35.0,51.0,0.686,0.602,24.0,29.0,0.828,23.0,55.0,78.0,13.0,7.0,12.0,10.0,34.0,142.0,0.0,
316.0,Landry Shamet,28.0,NYK,SG,15.0,6.0,314.0,42.0,93.0,0.452,28.0,66.0,0.424,14.0,27.0,0.519,0.602,27.0,34.0,0.794,7.0,23.0,30.0,18.0,6.0,3.0,7.0,19.0,139.0,0.0,
317.0,Hugo González,19.0,BOS,SF,34.0,2.0,509.0,55.0,113.0,0.487,17.0,49.0,0.347,38.0,64.0,0.594,0.562,9.0,17.0,0.529,30.0,82.0,112.0,22.0,22.0,10.0,21.0,65.0,136.0,0.0,
318.0,Christian Braun,24.0,DEN,SG,14.0,14.0,404.0,51.0,111.0,0.459,7.0,33.0,0.212,44.0,78.0,0.564,0.491,24.0,32.0,0.75,20.0,39.0,59.0,35.0,9.0,6.0,17.0,29.0,133.0,0.0,
319.0,Quenton Jackson,27.0,IND,PG,18.0,8.0,285.0,41.0,92.0,0.446,14.0,36.0,0.389,27.0,56.0,0.482,0.522,36.0,47.0,0.766,7.0,29.0,36.0,35.0,11.0,3.0,20.0,29.0,132.0,0.0,
320.0,Jordan Miller,26.0,LAC,SF,19.0,0.0,302.0,45.0,89.0,0.506,15.0,36.0,0.417,30.0,53.0,0.566,0.59,27.0,33.0,0.818,15.0,41.0,56.0,24.0,7.0,3.0,14.0,14.0,132.0,0.0,
321.0,Nick Smith Jr.,21.0,LAL,SG,20.0,1.0,287.0,50.0,117.0,0.427,26.0,64.0,0.406,24.0,53.0,0.453,0.538,6.0,10.0,0.6,2.0,16.0,18.0,24.0,8.0,2.0,16.0,22.0,132.0,0.0,
322.0,Trayce Jackson-Davis,25.0,GSW,C,29.0,1.0,357.0,52.0,89.0,0.584,0.0,0.0,,52.0,89.0,0.584,0.584,26.0,44.0,0.591,45.0,61.0,106.0,28.0,9.0,18.0,14.0,35.0,130.0,0.0,
323.0,Tyrese Proctor,21.0,CLE,PG,28.0,1.0,297.0,44.0,125.0,0.352,23.0,78.0,0.295,21.0,47.0,0.447,0.444,19.0,23.0,0.826,5.0,30.0,35.0,36.0,8.0,0.0,13.0,27.0,130.0,0.0,
324.0,Mitchell Robinson,27.0,NYK,C,28.0,13.0,543.0,56.0,84.0,0.667,0.0,0.0,,56.0,84.0,0.667,0.667,18.0,45.0,0.4,135.0,117.0,252.0,31.0,25.0,32.0,19.0,63.0,130.0,0.0,
325.0,Jalen Wilson,25.0,BRK,PF,26.0,0.0,354.0,41.0,107.0,0.383,25.0,71.0,0.352,16.0,36.0,0.444,0.5,23.0,29.0,0.793,4.0,24.0,28.0,12.0,9.0,2.0,12.0,31.0,130.0,0.0,
326.0,Bogdan Bogdanović,33.0,LAC,SG,16.0,3.0,360.0,44.0,117.0,0.376,24.0,72.0,0.333,20.0,45.0,0.444,0.479,16.0,19.0,0.842,5.0,41.0,46.0,43.0,8.0,1.0,19.0,40.0,128.0,0.0,
327.0,Tyus Jones,29.0,ORL,PG,40.0,8.0,660.0,48.0,136.0,0.353,26.0,88.0,0.295,22.0,48.0,0.458,0.449,6.0,6.0,1.0,7.0,37.0,44.0,97.0,31.0,3.0,11.0,22.0,128.0,0.0,
328.0,Trendon Watford,25.0,PHI,PF,18.0,4.0,311.0,48.0,91.0,0.527,8.0,20.0,0.4,40.0,71.0,0.563,0.571,24.0,30.0,0.8,15.0,55.0,70.0,57.0,6.0,4.0,21.0,40.0,128.0,1.0,
329.0,Cody Williams,21.0,UTA,SG,27.0,4.0,423.0,54.0,123.0,0.439,9.0,48.0,0.188,45.0,75.0,0.6,0.476,11.0,19.0,0.579,16.0,31.0,47.0,21.0,8.0,8.0,9.0,41.0,128.0,0.0,
330.0,Tony Bradley,28.0,IND,C,33.0,3.0,355.0,48.0,86.0,0.558,0.0,1.0,0.0,48.0,85.0,0.565,0.558,30.0,40.0,0.75,48.0,37.0,85.0,16.0,4.0,5.0,14.0,56.0,126.0,0.0,
331.0,Jett Howard,22.0,ORL,SF,27.0,0.0,290.0,43.0,117.0,0.368,24.0,73.0,0.329,19.0,44.0,0.432,0.47,15.0,16.0,0.938,10.0,29.0,39.0,23.0,4.0,4.0,6.0,26.0,125.0,0.0,
332.0,Adem Bona,22.0,PHI,C,30.0,3.0,508.0,41.0,71.0,0.577,2.0,5.0,0.4,39.0,66.0,0.591,0.592,37.0,55.0,0.673,52.0,62.0,114.0,8.0,10.0,40.0,20.0,62.0,121.0,0.0,
333.0,Johnny Furphy,21.0,IND,SG,23.0,9.0,377.0,46.0,87.0,0.529,16.0,43.0,0.372,30.0,44.0,0.682,0.621,13.0,26.0,0.5,19.0,69.0,88.0,16.0,12.0,3.0,14.0,39.0,121.0,0.0,
334.0,Zeke Nnaji,25.0,DEN,PF,28.0,1.0,348.0,40.0,80.0,0.5,10.0,32.0,0.313,30.0,48.0,0.625,0.563,31.0,38.0,0.816,15.0,51.0,66.0,14.0,13.0,12.0,13.0,33.0,121.0,0.0,
335.0,Noah Penda,21.0,ORL,SF,25.0,2.0,350.0,44.0,100.0,0.44,17.0,38.0,0.447,27.0,62.0,0.435,0.525,15.0,27.0,0.556,42.0,61.0,103.0,29.0,13.0,11.0,18.0,31.0,120.0,0.0,
336.0,Gui Santos,23.0,GSW,PF,32.0,2.0,367.0,42.0,91.0,0.462,20.0,57.0,0.351,22.0,34.0,0.647,0.571,16.0,24.0,0.667,26.0,51.0,77.0,33.0,15.0,5.0,25.0,40.0,120.0,0.0,
337.0,GG Jackson II,21.0,MEM,PF,19.0,3.0,278.0,43.0,102.0,0.422,13.0,53.0,0.245,30.0,49.0,0.612,0.485,20.0,27.0,0.741,7.0,47.0,54.0,12.0,16.0,7.0,18.0,27.0,119.0,0.0,
338.0,Clint Capela,31.0,HOU,C,33.0,1.0,373.0,53.0,99.0,0.535,0.0,0.0,,53.0,99.0,0.535,0.535,12.0,24.0,0.5,82.0,66.0,148.0,17.0,17.0,22.0,16.0,27.0,118.0,0.0,
339.0,Rob Dillingham,21.0,MIN,PG,32.0,0.0,312.0,45.0,133.0,0.338,11.0,31.0,0.355,34.0,102.0,0.333,0.38,15.0,20.0,0.75,5.0,34.0,39.0,57.0,17.0,3.0,32.0,36.0,116.0,0.0,
340.0,Kenrich Williams,31.0,OKC,PF,21.0,0.0,290.0,46.0,87.0,0.529,18.0,43.0,0.419,28.0,44.0,0.636,0.632,6.0,13.0,0.462,17.0,44.0,61.0,31.0,14.0,1.0,12.0,23.0,116.0,0.0,
341.0,Liam McNeeley,20.0,CHO,SF,27.0,0.0,336.0,34.0,86.0,0.395,22.0,58.0,0.379,12.0,28.0,0.429,0.523,25.0,31.0,0.806,11.0,48.0,59.0,23.0,5.0,3.0,12.0,35.0,115.0,0.0,
342.0,Jeremy Sochan,22.0,SAS,PF,25.0,0.0,340.0,46.0,95.0,0.484,9.0,33.0,0.273,37.0,62.0,0.597,0.532,11.0,16.0,0.688,26.0,46.0,72.0,28.0,10.0,4.0,18.0,48.0,112.0,0.0,
343.0,Jevon Carter,30.0,CHI,PG,19.0,0.0,227.0,35.0,88.0,0.398,28.0,66.0,0.424,7.0,22.0,0.318,0.557,10.0,10.0,1.0,5.0,16.0,21.0,18.0,11.0,0.0,10.0,15.0,108.0,0.0,
344.0,Guerschon Yabusele,30.0,NYK,C,33.0,0.0,322.0,39.0,97.0,0.402,20.0,62.0,0.323,19.0,35.0,0.543,0.505,8.0,12.0,0.667,20.0,53.0,73.0,15.0,3.0,4.0,14.0,33.0,106.0,0.0,
345.0,Jamison Battle,24.0,TOR,SF,30.0,2.0,258.0,40.0,71.0,0.563,18.0,40.0,0.45,22.0,31.0,0.71,0.69,5.0,8.0,0.625,9.0,35.0,44.0,11.0,5.0,1.0,12.0,22.0,103.0,0.0,
346.0,Jonathan Isaac,28.0,ORL,PF,34.0,0.0,353.0,35.0,78.0,0.449,6.0,30.0,0.2,29.0,48.0,0.604,0.487,26.0,43.0,0.605,29.0,65.0,94.0,9.0,13.0,18.0,10.0,27.0,102.0,0.0,
347.0,Terrence Shannon Jr.,25.0,MIN,SG,22.0,0.0,282.0,32.0,81.0,0.395,15.0,37.0,0.405,17.0,44.0,0.386,0.488,21.0,27.0,0.778,6.0,22.0,28.0,14.0,7.0,1.0,15.0,29.0,100.0,0.0,
348.0,Kyle Anderson,32.0,UTA,SF,13.0,0.0,258.0,39.0,78.0,0.5,1.0,2.0,0.5,38.0,76.0,0.5,0.506,19.0,25.0,0.76,14.0,33.0,47.0,36.0,18.0,5.0,12.0,30.0,98.0,0.0,
349.0,Zach Collins,28.0,CHI,C,10.0,0.0,184.0,37.0,64.0,0.578,9.0,21.0,0.429,28.0,43.0,0.651,0.648,14.0,20.0,0.7,16.0,40.0,56.0,15.0,2.0,4.0,10.0,18.0,97.0,0.0,
350.0,Gabe Vincent,29.0,LAL,PG,18.0,6.0,367.0,31.0,85.0,0.365,27.0,69.0,0.391,4.0,16.0,0.25,0.524,8.0,8.0,1.0,5.0,12.0,17.0,26.0,8.0,1.0,6.0,40.0,97.0,0.0,
351.0,Olivier-Maxence Prosper,23.0,MEM,PF,20.0,0.0,226.0,31.0,64.0,0.484,7.0,22.0,0.318,24.0,42.0,0.571,0.539,26.0,28.0,0.929,12.0,33.0,45.0,15.0,4.0,1.0,12.0,16.0,95.0,0.0,
352.0,Baylor Scheierman,25.0,BOS,SG,34.0,1.0,403.0,34.0,69.0,0.493,23.0,55.0,0.418,11.0,14.0,0.786,0.659,4.0,5.0,0.8,10.0,45.0,55.0,20.0,16.0,2.0,13.0,50.0,95.0,0.0,
353.0,Kelly Olynyk,34.0,SAS,C,25.0,0.0,242.0,31.0,65.0,0.477,9.0,35.0,0.257,22.0,30.0,0.733,0.546,20.0,28.0,0.714,17.0,35.0,52.0,34.0,11.0,1.0,14.0,31.0,91.0,0.0,
354.0,Nick Richards,28.0,PHO,C,28.0,2.0,254.0,35.0,71.0,0.493,0.0,0.0,,35.0,71.0,0.493,0.493,19.0,28.0,0.679,35.0,56.0,91.0,8.0,4.0,14.0,25.0,39.0,89.0,0.0,
355.0,Jericho Sims,27.0,MIL,C,29.0,4.0,421.0,41.0,49.0,0.837,0.0,0.0,,41.0,49.0,0.837,0.837,7.0,11.0,0.636,37.0,72.0,109.0,18.0,6.0,5.0,30.0,50.0,89.0,0.0,
356.0,Malaki Branham,22.0,WAS,SG,23.0,0.0,217.0,27.0,63.0,0.429,7.0,25.0,0.28,20.0,38.0,0.526,0.484,25.0,30.0,0.833,10.0,27.0,37.0,21.0,9.0,3.0,12.0,16.0,86.0,0.0,
357.0,Micah Potter,27.0,IND,C,11.0,2.0,186.0,25.0,51.0,0.49,15.0,35.0,0.429,10.0,16.0,0.625,0.637,19.0,20.0,0.95,8.0,30.0,38.0,14.0,3.0,3.0,8.0,21.0,84.0,0.0,
358.0,Rayan Rupert,21.0,POR,SG,34.0,0.0,376.0,33.0,92.0,0.359,11.0,43.0,0.256,22.0,49.0,0.449,0.418,7.0,12.0,0.583,13.0,43.0,56.0,22.0,12.0,2.0,11.0,39.0,84.0,0.0,
359.0,KJ Simpson,23.0,CHO,PG,14.0,2.0,223.0,31.0,89.0,0.348,12.0,39.0,0.308,19.0,50.0,0.38,0.416,10.0,16.0,0.625,5.0,24.0,29.0,35.0,15.0,0.0,24.0,14.0,84.0,0.0,
360.0,Julian Phillips,22.0,CHI,SF,28.0,2.0,285.0,32.0,74.0,0.432,14.0,43.0,0.326,18.0,31.0,0.581,0.527,5.0,6.0,0.833,20.0,19.0,39.0,7.0,15.0,6.0,6.0,31.0,83.0,0.0,
361.0,Gary Harris,31.0,MIL,SG,30.0,0.0,432.0,30.0,60.0,0.5,17.0,35.0,0.486,13.0,25.0,0.52,0.642,5.0,5.0,1.0,8.0,36.0,44.0,31.0,18.0,5.0,12.0,36.0,82.0,0.0,
362.0,Duop Reath,29.0,POR,C,29.0,0.0,220.0,29.0,64.0,0.453,21.0,47.0,0.447,8.0,17.0,0.471,0.617,2.0,3.0,0.667,7.0,22.0,29.0,9.0,5.0,6.0,7.0,26.0,81.0,0.0,
363.0,Jeremiah Robinson-Earl,25.0,IND,PF,17.0,3.0,300.0,29.0,83.0,0.349,8.0,33.0,0.242,21.0,50.0,0.42,0.398,13.0,14.0,0.929,32.0,56.0,88.0,12.0,7.0,1.0,10.0,23.0,79.0,0.0,
364.0,Nolan Traoré,19.0,BRK,PG,18.0,0.0,296.0,30.0,95.0,0.316,12.0,48.0,0.25,18.0,47.0,0.383,0.379,7.0,9.0,0.778,2.0,18.0,20.0,45.0,8.0,5.0,22.0,27.0,79.0,0.0,
365.0,Cam Christie,20.0,LAC,SG,26.0,0.0,232.0,24.0,69.0,0.348,9.0,31.0,0.29,15.0,38.0,0.395,0.413,21.0,30.0,0.7,8.0,32.0,40.0,14.0,6.0,2.0,7.0,13.0,78.0,0.0,
366.0,Garrison Mathews,29.0,IND,SG,15.0,1.0,196.0,21.0,52.0,0.404,17.0,46.0,0.37,4.0,6.0,0.667,0.567,19.0,23.0,0.826,2.0,15.0,17.0,10.0,6.0,3.0,3.0,19.0,78.0,0.0,
367.0,Kobe Brown,26.0,LAC,PF,26.0,0.0,245.0,25.0,68.0,0.368,10.0,42.0,0.238,15.0,26.0,0.577,0.441,17.0,20.0,0.85,14.0,29.0,43.0,22.0,7.0,2.0,11.0,13.0,77.0,0.0,
368.0,Ousmane Dieng,22.0,OKC,C,18.0,0.0,220.0,28.0,62.0,0.452,15.0,33.0,0.455,13.0,29.0,0.448,0.573,6.0,6.0,1.0,6.0,24.0,30.0,16.0,1.0,5.0,6.0,19.0,77.0,0.0,
369.0,Josh Green,25.0,CHO,SG,16.0,0.0,256.0,28.0,64.0,0.438,19.0,50.0,0.38,9.0,14.0,0.643,0.586,2.0,4.0,0.5,14.0,14.0,28.0,16.0,10.0,0.0,6.0,16.0,77.0,0.0,
370.0,Yanic Konan Niederhäuser,22.0,LAC,C,22.0,0.0,186.0,31.0,46.0,0.674,0.0,1.0,0.0,31.0,45.0,0.689,0.674,15.0,25.0,0.6,19.0,27.0,46.0,8.0,2.0,10.0,10.0,26.0,77.0,0.0,
371.0,Dalen Terry,23.0,CHI,SG,25.0,0.0,261.0,30.0,69.0,0.435,10.0,29.0,0.345,20.0,40.0,0.5,0.507,5.0,9.0,0.556,14.0,29.0,43.0,27.0,17.0,8.0,15.0,27.0,75.0,0.0,
372.0,Dwight Powell,34.0,DAL,C,27.0,2.0,348.0,23.0,35.0,0.657,0.0,0.0,,23.0,35.0,0.657,0.657,28.0,43.0,0.651,32.0,53.0,85.0,25.0,11.0,9.0,12.0,53.0,74.0,0.0,
373.0,Ethan Thompson,26.0,IND,SG,18.0,5.0,276.0,26.0,68.0,0.382,15.0,48.0,0.313,11.0,20.0,0.55,0.493,7.0,9.0,0.778,10.0,20.0,30.0,24.0,9.0,5.0,10.0,35.0,74.0,0.0,
374.0,Caleb Martin,30.0,DAL,SF,34.0,0.0,355.0,29.0,70.0,0.414,3.0,18.0,0.167,26.0,52.0,0.5,0.436,12.0,19.0,0.632,17.0,41.0,58.0,38.0,17.0,4.0,18.0,45.0,73.0,0.0,
375.0,Walker Kessler,24.0,UTA,C,5.0,5.0,154.0,26.0,37.0,0.703,6.0,8.0,0.75,20.0,29.0,0.69,0.784,14.0,20.0,0.7,23.0,31.0,54.0,15.0,7.0,9.0,16.0,22.0,72.0,0.0,
376.0,PJ Hall,23.0,2TM,C,15.0,2.0,154.0,26.0,44.0,0.591,3.0,5.0,0.6,23.0,39.0,0.59,0.625,14.0,20.0,0.7,23.0,29.0,52.0,7.0,1.0,9.0,11.0,16.0,69.0,0.0,
376.0,PJ Hall,23.0,MEM,C,7.0,0.0,27.0,5.0,9.0,0.556,1.0,3.0,0.333,4.0,6.0,0.667,0.611,2.0,3.0,0.667,3.0,6.0,9.0,2.0,0.0,2.0,1.0,3.0,13.0,0.0,
376.0,PJ Hall,23.0,CHO,C,8.0,2.0,127.0,21.0,35.0,0.6,2.0,2.0,1.0,19.0,33.0,0.576,0.629,12.0,17.0,0.706,20.0,23.0,43.0,5.0,1.0,7.0,10.0,13.0,56.0,0.0,
377.0,Julian Strawther,23.0,DEN,SG,20.0,0.0,188.0,22.0,65.0,0.338,5.0,28.0,0.179,17.0,37.0,0.459,0.377,19.0,26.0,0.731,2.0,23.0,25.0,14.0,1.0,1.0,10.0,20.0,68.0,0.0,
378.0,John Konchar,29.0,MEM,SG,23.0,0.0,291.0,26.0,52.0,0.5,9.0,29.0,0.31,17.0,23.0,0.739,0.587,6.0,9.0,0.667,12.0,48.0,60.0,27.0,20.0,7.0,7.0,20.0,67.0,0.0,
379.0,Moussa Cisse,23.0,DAL,C,22.0,1.0,231.0,26.0,43.0,0.605,0.0,0.0,,26.0,43.0,0.605,0.605,14.0,33.0,0.424,36.0,49.0,85.0,3.0,8.0,23.0,16.0,36.0,66.0,0.0,
380.0,Ben Saraf,19.0,BRK,SG,12.0,5.0,203.0,22.0,62.0,0.355,9.0,33.0,0.273,13.0,29.0,0.448,0.427,12.0,15.0,0.8,5.0,14.0,19.0,34.0,8.0,3.0,23.0,15.0,65.0,0.0,
381.0,RayJ Dennis,24.0,2TM,PG,14.0,0.0,172.0,22.0,72.0,0.306,12.0,38.0,0.316,10.0,34.0,0.294,0.389,8.0,9.0,0.889,8.0,15.0,23.0,26.0,3.0,4.0,15.0,16.0,64.0,0.0,
381.0,RayJ Dennis,24.0,IND,PG,13.0,0.0,168.0,22.0,72.0,0.306,12.0,38.0,0.316,10.0,34.0,0.294,0.389,8.0,9.0,0.889,8.0,13.0,21.0,26.0,3.0,4.0,14.0,16.0,64.0,0.0,
381.0,RayJ Dennis,24.0,LAC,PG,1.0,0.0,4.0,0.0,0.0,,0.0,0.0,,0.0,0.0,,,0.0,0.0,,0.0,2.0,2.0,0.0,0.0,0.0,1.0,0.0,0.0,0.0,
382.0,Rasheer Fleming,21.0,PHO,PF,23.0,0.0,165.0,24.0,69.0,0.348,8.0,40.0,0.2,16.0,29.0,0.552,0.406,7.0,9.0,0.778,16.0,14.0,30.0,4.0,6.0,6.0,4.0,19.0,63.0,0.0,
383.0,Carter Bryant,20.0,SAS,PF,30.0,0.0,222.0,23.0,72.0,0.319,10.0,39.0,0.256,13.0,33.0,0.394,0.389,6.0,8.0,0.75,9.0,37.0,46.0,5.0,4.0,2.0,10.0,22.0,62.0,0.0,
384.0,Larry Nance Jr.,33.0,CLE,PF,17.0,2.0,245.0,24.0,67.0,0.358,11.0,35.0,0.314,13.0,32.0,0.406,0.44,1.0,3.0,0.333,13.0,33.0,46.0,20.0,9.0,4.0,9.0,38.0,60.0,0.0,
385.0,Javon Small,23.0,MEM,PG,14.0,0.0,176.0,19.0,56.0,0.339,10.0,31.0,0.323,9.0,25.0,0.36,0.429,12.0,15.0,0.8,5.0,15.0,20.0,46.0,4.0,2.0,18.0,18.0,60.0,0.0,
386.0,Jae'Sean Tate,30.0,HOU,SF,22.0,0.0,170.0,25.0,50.0,0.5,6.0,17.0,0.353,19.0,33.0,0.576,0.56,3.0,3.0,1.0,15.0,17.0,32.0,13.0,4.0,3.0,4.0,26.0,59.0,0.0,
387.0,Dylan Cardwell,24.0,SAC,C,14.0,1.0,251.0,23.0,48.0,0.479,0.0,1.0,0.0,23.0,47.0,0.489,0.479,12.0,24.0,0.5,37.0,48.0,85.0,12.0,10.0,22.0,10.0,49.0,58.0,0.0,
388.0,Yang Hansen,20.0,POR,C,23.0,1.0,197.0,19.0,65.0,0.292,5.0,31.0,0.161,14.0,34.0,0.412,0.331,15.0,16.0,0.938,11.0,30.0,41.0,18.0,1.0,8.0,19.0,29.0,58.0,0.0,
389.0,Mohamed Diawara,20.0,NYK,SF,32.0,4.0,160.0,22.0,55.0,0.4,12.0,30.0,0.4,10.0,25.0,0.4,0.509,1.0,4.0,0.25,6.0,23.0,29.0,14.0,8.0,4.0,9.0,16.0,57.0,0.0,
390.0,Pat Connaughton,33.0,CHO,SG,17.0,0.0,131.0,19.0,38.0,0.5,10.0,25.0,0.4,9.0,13.0,0.692,0.632,7.0,11.0,0.636,5.0,20.0,25.0,9.0,5.0,1.0,3.0,5.0,55.0,0.0,
391.0,Chaz Lanier,24.0,DET,SG,16.0,0.0,153.0,17.0,48.0,0.354,14.0,41.0,0.341,3.0,7.0,0.429,0.5,5.0,5.0,1.0,6.0,9.0,15.0,12.0,5.0,0.0,1.0,5.0,53.0,0.0,
392.0,Kasparas Jakučionis,19.0,MIA,PG,14.0,1.0,179.0,15.0,48.0,0.313,12.0,27.0,0.444,3.0,21.0,0.143,0.438,10.0,10.0,1.0,9.0,15.0,24.0,15.0,8.0,0.0,9.0,18.0,52.0,0.0,
393.0,Keshad Johnson,24.0,MIA,SF,17.0,0.0,138.0,19.0,50.0,0.38,5.0,20.0,0.25,14.0,30.0,0.467,0.43,9.0,13.0,0.692,13.0,21.0,34.0,1.0,5.0,4.0,6.0,12.0,52.0,0.0,
394.0,Marcus Sasser,25.0,DET,PG,10.0,0.0,88.0,17.0,34.0,0.5,11.0,23.0,0.478,6.0,11.0,0.545,0.662,7.0,7.0,1.0,1.0,10.0,11.0,19.0,6.0,2.0,7.0,10.0,52.0,0.0,
395.0,Bradley Beal,32.0,LAC,SG,6.0,6.0,121.0,18.0,48.0,0.375,7.0,19.0,0.368,11.0,29.0,0.379,0.448,6.0,8.0,0.75,2.0,3.0,5.0,10.0,3.0,0.0,9.0,14.0,49.0,0.0,
396.0,Taurean Prince,31.0,MIL,SF,8.0,0.0,169.0,17.0,38.0,0.447,12.0,28.0,0.429,5.0,10.0,0.5,0.605,3.0,3.0,1.0,0.0,13.0,13.0,8.0,6.0,2.0,5.0,20.0,49.0,0.0,
397.0,Lindy Waters III,28.0,SAS,SG,23.0,0.0,162.0,17.0,48.0,0.354,14.0,42.0,0.333,3.0,6.0,0.5,0.5,1.0,1.0,1.0,2.0,18.0,20.0,10.0,4.0,0.0,1.0,15.0,49.0,0.0,
398.0,Chris Paul,40.0,LAC,PG,16.0,0.0,228.0,18.0,56.0,0.321,10.0,30.0,0.333,8.0,26.0,0.308,0.411,1.0,2.0,0.5,6.0,22.0,28.0,53.0,11.0,0.0,16.0,23.0,47.0,0.0,
399.0,Chris Youngblood,23.0,OKC,SG,26.0,0.0,137.0,14.0,44.0,0.318,12.0,39.0,0.308,2.0,5.0,0.4,0.455,7.0,7.0,1.0,6.0,16.0,22.0,7.0,3.0,0.0,1.0,19.0,47.0,0.0,
400.0,Jamal Cain,26.0,ORL,SF,16.0,0.0,119.0,13.0,35.0,0.371,5.0,18.0,0.278,8.0,17.0,0.471,0.443,15.0,18.0,0.833,7.0,6.0,13.0,5.0,4.0,1.0,5.0,20.0,46.0,0.0,
401.0,Isaiah Livers,27.0,PHO,PF,20.0,0.0,211.0,15.0,40.0,0.375,10.0,29.0,0.345,5.0,11.0,0.455,0.5,5.0,6.0,0.833,12.0,28.0,40.0,13.0,8.0,6.0,9.0,23.0,45.0,0.0,
402.0,DaRon Holmes,23.0,DEN,PF,10.0,5.0,128.0,14.0,31.0,0.452,11.0,24.0,0.458,3.0,7.0,0.429,0.629,5.0,6.0,0.833,3.0,14.0,17.0,13.0,0.0,4.0,4.0,10.0,44.0,0.0,
403.0,Leonard Miller,22.0,MIN,SF,16.0,0.0,80.0,18.0,32.0,0.563,1.0,11.0,0.091,17.0,21.0,0.81,0.578,7.0,11.0,0.636,6.0,16.0,22.0,4.0,4.0,0.0,7.0,11.0,44.0,0.0,
404.0,Joan Beringer,19.0,MIN,PF,15.0,0.0,90.0,20.0,27.0,0.741,0.0,0.0,,20.0,27.0,0.741,0.741,3.0,4.0,0.75,11.0,15.0,26.0,2.0,3.0,5.0,4.0,13.0,43.0,0.0,
405.0,Ariel Hukporti,23.0,NYK,C,26.0,4.0,240.0,16.0,31.0,0.516,0.0,1.0,0.0,16.0,30.0,0.533,0.516,11.0,16.0,0.688,30.0,41.0,71.0,17.0,5.0,15.0,14.0,35.0,43.0,0.0,
406.0,Amir Coffey,28.0,MIL,SG,23.0,0.0,178.0,14.0,31.0,0.452,4.0,14.0,0.286,10.0,17.0,0.588,0.516,10.0,10.0,1.0,5.0,12.0,17.0,8.0,2.0,2.0,3.0,6.0,42.0,0.0,
407.0,Kevon Looney,29.0,NOP,C,16.0,6.0,227.0,18.0,45.0,0.4,1.0,9.0,0.111,17.0,36.0,0.472,0.411,5.0,8.0,0.625,37.0,43.0,80.0,25.0,6.0,8.0,8.0,30.0,42.0,0.0,
408.0,Obi Toppin,27.0,IND,PF,3.0,0.0,82.0,15.0,36.0,0.417,3.0,17.0,0.176,12.0,19.0,0.632,0.458,9.0,9.0,1.0,3.0,17.0,20.0,5.0,3.0,0.0,6.0,7.0,42.0,0.0,
409.0,Jordan McLaughlin,29.0,SAS,PG,16.0,0.0,99.0,15.0,31.0,0.484,7.0,17.0,0.412,8.0,14.0,0.571,0.597,4.0,5.0,0.8,4.0,6.0,10.0,13.0,8.0,0.0,5.0,7.0,41.0,0.0,
410.0,Jamir Watkins,24.0,WAS,SG,14.0,2.0,162.0,14.0,28.0,0.5,5.0,17.0,0.294,9.0,11.0,0.818,0.589,8.0,8.0,1.0,5.0,29.0,34.0,6.0,4.0,3.0,5.0,26.0,41.0,0.0,
411.0,Hunter Tyson,25.0,DEN,PF,16.0,2.0,111.0,13.0,40.0,0.325,6.0,22.0,0.273,7.0,18.0,0.389,0.4,8.0,9.0,0.889,3.0,22.0,25.0,10.0,2.0,1.0,4.0,9.0,40.0,0.0,
412.0,Devin Carter,23.0,SAC,PG,12.0,0.0,101.0,13.0,38.0,0.342,5.0,20.0,0.25,8.0,18.0,0.444,0.408,7.0,7.0,1.0,5.0,9.0,14.0,13.0,6.0,2.0,8.0,10.0,38.0,0.0,
413.0,A.J. Lawson,25.0,TOR,SG,7.0,0.0,73.0,13.0,33.0,0.394,7.0,18.0,0.389,6.0,15.0,0.4,0.5,5.0,5.0,1.0,4.0,12.0,16.0,1.0,3.0,3.0,1.0,11.0,38.0,0.0,
414.0,Johnny Juzang,24.0,MIN,SG,16.0,0.0,62.0,14.0,31.0,0.452,5.0,19.0,0.263,9.0,12.0,0.75,0.532,3.0,4.0,0.75,4.0,8.0,12.0,6.0,2.0,0.0,3.0,3.0,36.0,0.0,
415.0,Blake Wesley,22.0,POR,SG,6.0,0.0,98.0,14.0,34.0,0.412,2.0,10.0,0.2,12.0,24.0,0.5,0.441,6.0,10.0,0.6,2.0,12.0,14.0,19.0,10.0,1.0,7.0,14.0,36.0,0.0,
416.0,Bronny James,21.0,LAL,SG,21.0,1.0,153.0,13.0,38.0,0.342,7.0,20.0,0.35,6.0,18.0,0.333,0.434,2.0,2.0,1.0,4.0,6.0,10.0,25.0,9.0,1.0,12.0,12.0,35.0,0.0,
417.0,AJ Johnson,21.0,WAS,SG,22.0,0.0,152.0,14.0,56.0,0.25,4.0,17.0,0.235,10.0,39.0,0.256,0.286,3.0,4.0,0.75,6.0,17.0,23.0,14.0,4.0,0.0,10.0,8.0,35.0,0.0,
418.0,JD Davison,23.0,HOU,PG,17.0,0.0,115.0,12.0,26.0,0.462,5.0,12.0,0.417,7.0,14.0,0.5,0.558,5.0,9.0,0.556,2.0,11.0,13.0,19.0,4.0,3.0,5.0,9.0,34.0,0.0,
419.0,Eric Gordon,37.0,PHI,SG,6.0,0.0,74.0,12.0,21.0,0.571,8.0,14.0,0.571,4.0,7.0,0.571,0.762,1.0,2.0,0.5,1.0,1.0,2.0,3.0,4.0,1.0,3.0,3.0,33.0,0.0,
420.0,Nigel Hayes-Davis,31.0,PHO,SF,23.0,0.0,180.0,15.0,43.0,0.349,2.0,15.0,0.133,13.0,28.0,0.464,0.372,1.0,2.0,0.5,11.0,18.0,29.0,7.0,7.0,1.0,7.0,15.0,33.0,0.0,
421.0,Taelon Peter,23.0,IND,SG,21.0,0.0,122.0,10.0,34.0,0.294,9.0,32.0,0.281,1.0,2.0,0.5,0.426,4.0,6.0,0.667,6.0,13.0,19.0,14.0,3.0,2.0,9.0,7.0,33.0,0.0,
422.0,David Jones García,24.0,SAS,SF,11.0,0.0,68.0,13.0,25.0,0.52,3.0,5.0,0.6,10.0,20.0,0.5,0.58,3.0,6.0,0.5,4.0,9.0,13.0,18.0,6.0,1.0,5.0,6.0,32.0,0.0,
423.0,Jalen Green,23.0,PHO,SG,2.0,2.0,30.0,11.0,23.0,0.478,6.0,14.0,0.429,5.0,9.0,0.556,0.609,3.0,5.0,0.6,2.0,2.0,4.0,4.0,2.0,0.0,2.0,2.0,31.0,0.0,
424.0,Xavier Tillman Sr.,27.0,BOS,C,11.0,1.0,103.0,14.0,28.0,0.5,3.0,13.0,0.231,11.0,15.0,0.733,0.554,0.0,0.0,,10.0,14.0,24.0,5.0,6.0,2.0,4.0,9.0,31.0,0.0,
425.0,Maxi Kleber,34.0,LAL,PF,19.0,0.0,210.0,9.0,32.0,0.281,3.0,15.0,0.2,6.0,17.0,0.353,0.328,9.0,12.0,0.75,10.0,22.0,32.0,13.0,5.0,5.0,7.0,28.0,30.0,0.0,
426.0,Dereck Lively II,21.0,DAL,C,7.0,4.0,115.0,11.0,18.0,0.611,0.0,0.0,,11.0,18.0,0.611,0.611,8.0,10.0,0.8,14.0,23.0,37.0,13.0,4.0,11.0,10.0,21.0,30.0,0.0,
427.0,Brooks Barnhizer,23.0,OKC,SG,21.0,0.0,160.0,12.0,27.0,0.444,1.0,6.0,0.167,11.0,21.0,0.524,0.463,4.0,6.0,0.667,7.0,31.0,38.0,9.0,3.0,2.0,3.0,12.0,29.0,0.0,
428.0,Anthony Gill,33.0,WAS,PF,18.0,0.0,71.0,11.0,16.0,0.688,3.0,5.0,0.6,8.0,11.0,0.727,0.781,4.0,4.0,1.0,5.0,10.0,15.0,0.0,1.0,2.0,5.0,4.0,29.0,0.0,
429.0,Jeff Green,39.0,HOU,PF,14.0,0.0,63.0,11.0,23.0,0.478,7.0,16.0,0.438,4.0,7.0,0.571,0.63,0.0,0.0,,1.0,5.0,6.0,2.0,0.0,1.0,1.0,5.0,29.0,0.0,
430.0,Christian Koloko,25.0,2TM,C,13.0,2.0,201.0,14.0,35.0,0.4,0.0,1.0,0.0,14.0,34.0,0.412,0.4,1.0,4.0,0.25,19.0,26.0,45.0,10.0,10.0,13.0,7.0,21.0,29.0,0.0,
430.0,Christian Koloko,25.0,LAL,C,2.0,0.0,6.0,0.0,0.0,,0.0,0.0,,0.0,0.0,,,0.0,0.0,,0.0,1.0,1.0,0.0,0.0,0.0,0.0,1.0,0.0,0.0,
430.0,Christian Koloko,25.0,MEM,C,11.0,2.0,195.0,14.0,35.0,0.4,0.0,1.0,0.0,14.0,34.0,0.412,0.4,1.0,4.0,0.25,19.0,25.0,44.0,10.0,10.0,13.0,7.0,20.0,29.0,0.0,
431.0,Myron Gardner,24.0,MIA,SF,13.0,0.0,68.0,10.0,26.0,0.385,4.0,14.0,0.286,6.0,12.0,0.5,0.462,4.0,4.0,1.0,10.0,9.0,19.0,5.0,5.0,1.0,1.0,15.0,28.0,0.0,
432.0,Kevin McCullar Jr.,24.0,NYK,SF,10.0,0.0,86.0,10.0,23.0,0.435,6.0,14.0,0.429,4.0,9.0,0.444,0.565,2.0,5.0,0.4,8.0,12.0,20.0,15.0,4.0,0.0,8.0,14.0,28.0,0.0,
433.0,Luke Travers,24.0,CLE,SG,12.0,0.0,103.0,9.0,36.0,0.25,1.0,16.0,0.063,8.0,20.0,0.4,0.264,9.0,9.0,1.0,9.0,15.0,24.0,9.0,7.0,4.0,3.0,6.0,28.0,0.0,
434.0,Mason Plumlee,35.0,CHO,C,14.0,2.0,125.0,9.0,12.0,0.75,0.0,0.0,,9.0,12.0,0.75,0.75,8.0,12.0,0.667,10.0,30.0,40.0,16.0,6.0,0.0,9.0,10.0,26.0,0.0,
435.0,Tolu Smith,25.0,DET,PF,5.0,0.0,55.0,7.0,15.0,0.467,0.0,0.0,,7.0,15.0,0.467,0.467,12.0,15.0,0.8,10.0,18.0,28.0,4.0,2.0,5.0,4.0,7.0,26.0,0.0,
436.0,Dorian Finney-Smith,32.0,HOU,PF,9.0,0.0,139.0,8.0,31.0,0.258,7.0,26.0,0.269,1.0,5.0,0.2,0.371,2.0,2.0,1.0,11.0,15.0,26.0,5.0,2.0,2.0,6.0,15.0,25.0,0.0,
437.0,Andre Jackson Jr.,24.0,MIL,SG,16.0,0.0,106.0,8.0,26.0,0.308,3.0,15.0,0.2,5.0,11.0,0.455,0.365,5.0,6.0,0.833,5.0,8.0,13.0,18.0,5.0,2.0,7.0,15.0,24.0,0.0,
438.0,Doug McDermott,34.0,SAC,SF,7.0,0.0,70.0,8.0,23.0,0.348,8.0,23.0,0.348,0.0,0.0,,0.522,0.0,0.0,,0.0,5.0,5.0,2.0,0.0,1.0,3.0,5.0,24.0,0.0,
439.0,Khaman Maluach,19.0,PHO,C,18.0,0.0,84.0,8.0,20.0,0.4,0.0,5.0,0.0,8.0,15.0,0.533,0.4,7.0,8.0,0.875,5.0,13.0,18.0,3.0,1.0,7.0,9.0,15.0,23.0,0.0,
440.0,Alijah Martin,24.0,TOR,SG,7.0,0.0,73.0,7.0,22.0,0.318,1.0,10.0,0.1,6.0,12.0,0.5,0.341,8.0,10.0,0.8,6.0,6.0,12.0,6.0,5.0,3.0,3.0,6.0,23.0,0.0,
441.0,Pete Nance,25.0,MIL,PF,10.0,0.0,41.0,9.0,17.0,0.529,5.0,11.0,0.455,4.0,6.0,0.667,0.676,0.0,0.0,,1.0,6.0,7.0,2.0,1.0,0.0,3.0,2.0,23.0,0.0,
442.0,Mark Sears,23.0,MIL,PG,7.0,0.0,26.0,6.0,13.0,0.462,4.0,8.0,0.5,2.0,5.0,0.4,0.615,6.0,8.0,0.75,1.0,1.0,2.0,2.0,0.0,0.0,4.0,4.0,22.0,0.0,
443.0,Jonathan Mogbo,24.0,TOR,PF,16.0,0.0,84.0,10.0,16.0,0.625,0.0,0.0,,10.0,16.0,0.625,0.625,1.0,3.0,0.333,6.0,13.0,19.0,9.0,2.0,3.0,2.0,5.0,21.0,0.0,
444.0,Antonio Reeves,25.0,CHO,SG,6.0,0.0,53.0,8.0,16.0,0.5,5.0,10.0,0.5,3.0,6.0,0.5,0.656,0.0,0.0,,1.0,4.0,5.0,2.0,1.0,0.0,0.0,3.0,21.0,0.0,
445.0,Thanasis Antetokounmpo,33.0,MIL,SF,12.0,0.0,36.0,7.0,12.0,0.583,0.0,0.0,,7.0,12.0,0.583,0.583,6.0,9.0,0.667,3.0,3.0,6.0,0.0,5.0,3.0,2.0,7.0,20.0,0.0,
446.0,Caleb Houstan,23.0,ATL,SF,9.0,0.0,44.0,6.0,14.0,0.429,5.0,11.0,0.455,1.0,3.0,0.333,0.607,3.0,3.0,1.0,4.0,1.0,5.0,2.0,1.0,1.0,4.0,5.0,20.0,0.0,
447.0,Adou Thiero,21.0,LAL,SF,15.0,0.0,87.0,7.0,18.0,0.389,0.0,1.0,0.0,7.0,17.0,0.412,0.389,6.0,8.0,0.75,7.0,11.0,18.0,5.0,5.0,1.0,4.0,15.0,20.0,0.0,
448.0,Matisse Thybulle,28.0,POR,SG,4.0,0.0,49.0,6.0,10.0,0.6,4.0,6.0,0.667,2.0,4.0,0.5,0.8,4.0,4.0,1.0,0.0,4.0,4.0,3.0,10.0,0.0,1.0,7.0,20.0,0.0,
449.0,Kam Jones,23.0,IND,SG,10.0,0.0,53.0,9.0,17.0,0.529,1.0,6.0,0.167,8.0,11.0,0.727,0.559,0.0,0.0,,1.0,3.0,4.0,6.0,2.0,0.0,1.0,4.0,19.0,0.0,
450.0,Mac McClung,27.0,IND,SG,3.0,0.0,34.0,7.0,18.0,0.389,2.0,10.0,0.2,5.0,8.0,0.625,0.444,3.0,4.0,0.75,0.0,4.0,4.0,1.0,5.0,1.0,2.0,6.0,19.0,0.0,
451.0,Chris Boucher,33.0,BOS,PF,8.0,0.0,91.0,7.0,22.0,0.318,1.0,12.0,0.083,6.0,10.0,0.6,0.341,3.0,4.0,0.75,2.0,16.0,18.0,3.0,5.0,7.0,1.0,16.0,18.0,0.0,
452.0,Monte Morris,30.0,IND,PG,6.0,0.0,65.0,7.0,20.0,0.35,2.0,8.0,0.25,5.0,12.0,0.417,0.4,2.0,4.0,0.5,1.0,6.0,7.0,9.0,1.0,1.0,2.0,3.0,18.0,0.0,
453.0,Elijah Harkless,25.0,UTA,SG,7.0,0.0,66.0,4.0,11.0,0.364,2.0,7.0,0.286,2.0,4.0,0.5,0.455,7.0,9.0,0.778,2.0,4.0,6.0,5.0,4.0,0.0,3.0,10.0,17.0,0.0,
454.0,Bobi Klintman,22.0,DET,SF,6.0,0.0,53.0,7.0,21.0,0.333,3.0,11.0,0.273,4.0,10.0,0.4,0.405,0.0,3.0,0.0,5.0,11.0,16.0,4.0,2.0,0.0,5.0,9.0,17.0,0.0,
455.0,Grant Williams,27.0,CHO,PF,2.0,0.0,27.0,5.0,13.0,0.385,4.0,12.0,0.333,1.0,1.0,1.0,0.538,2.0,3.0,0.667,4.0,6.0,10.0,0.0,0.0,0.0,0.0,0.0,16.0,0.0,
456.0,Emanuel Miller,25.0,CHI,PF,5.0,0.0,33.0,6.0,13.0,0.462,2.0,6.0,0.333,4.0,7.0,0.571,0.538,1.0,2.0,0.5,1.0,2.0,3.0,4.0,2.0,0.0,0.0,2.0,15.0,0.0,
457.0,Trey Alexander,22.0,NOP,SG,5.0,0.0,42.0,6.0,9.0,0.667,2.0,3.0,0.667,4.0,6.0,0.667,0.778,0.0,0.0,,0.0,4.0,4.0,5.0,1.0,1.0,1.0,4.0,14.0,0.0,
458.0,Seth Curry,35.0,GSW,SG,2.0,0.0,32.0,6.0,9.0,0.667,2.0,4.0,0.5,4.0,5.0,0.8,0.778,0.0,0.0,,1.0,3.0,4.0,3.0,2.0,0.0,0.0,3.0,14.0,0.0,
459.0,E.J. Liddell,25.0,BRK,PF,8.0,0.0,35.0,5.0,12.0,0.417,2.0,8.0,0.25,3.0,4.0,0.75,0.5,2.0,3.0,0.667,3.0,6.0,9.0,0.0,0.0,0.0,0.0,4.0,14.0,0.0,
460.0,James Wiseman,24.0,IND,C,4.0,1.0,58.0,6.0,10.0,0.6,0.0,0.0,,6.0,10.0,0.6,0.6,1.0,2.0,0.5,5.0,3.0,8.0,3.0,0.0,1.0,5.0,10.0,13.0,0.0,
461.0,Tyson Etienne,26.0,BRK,PG,8.0,0.0,34.0,4.0,15.0,0.267,4.0,13.0,0.308,0.0,2.0,0.0,0.4,0.0,0.0,,0.0,0.0,0.0,1.0,0.0,0.0,1.0,5.0,12.0,0.0,
462.0,Miles Kelly,23.0,DAL,PG,5.0,0.0,41.0,5.0,12.0,0.417,2.0,8.0,0.25,3.0,4.0,0.75,0.5,0.0,0.0,,2.0,6.0,8.0,2.0,0.0,0.0,3.0,5.0,12.0,0.0,
463.0,Johni Broome,23.0,PHI,C,7.0,0.0,40.0,4.0,20.0,0.2,0.0,3.0,0.0,4.0,17.0,0.235,0.2,2.0,4.0,0.5,6.0,7.0,13.0,4.0,2.0,0.0,2.0,5.0,10.0,0.0,
464.0,Javonte Cooke,26.0,POR,SG,6.0,0.0,44.0,4.0,17.0,0.235,2.0,8.0,0.25,2.0,9.0,0.222,0.294,0.0,0.0,,1.0,5.0,6.0,7.0,2.0,0.0,5.0,1.0,10.0,0.0,
465.0,Jahmir Young,25.0,MIA,PG,5.0,0.0,24.0,4.0,11.0,0.364,2.0,5.0,0.4,2.0,6.0,0.333,0.455,0.0,0.0,,0.0,2.0,2.0,4.0,1.0,0.0,2.0,3.0,10.0,0.0,
466.0,Bismack Biyombo,33.0,SAS,C,11.0,1.0,65.0,4.0,6.0,0.667,0.0,0.0,,4.0,6.0,0.667,0.667,1.0,2.0,0.5,2.0,5.0,7.0,3.0,3.0,1.0,3.0,10.0,9.0,0.0,
467.0,DeAndre Jordan,37.0,NOP,C,2.0,1.0,23.0,4.0,5.0,0.8,0.0,0.0,,4.0,5.0,0.8,0.8,1.0,2.0,0.5,4.0,6.0,10.0,0.0,0.0,0.0,1.0,1.0,9.0,0.0,
468.0,Chris Livingston,22.0,CLE,SF,3.0,0.0,17.0,4.0,7.0,0.571,0.0,3.0,0.0,4.0,4.0,1.0,0.571,1.0,1.0,1.0,0.0,3.0,3.0,1.0,1.0,0.0,0.0,4.0,9.0,0.0,
469.0,Riley Minix,25.0,SAS,SF,3.0,0.0,8.0,4.0,6.0,0.667,1.0,3.0,0.333,3.0,3.0,1.0,0.75,0.0,0.0,,1.0,1.0,2.0,1.0,1.0,0.0,0.0,1.0,9.0,0.0,
470.0,Brandon Clarke,29.0,MEM,PF,2.0,2.0,20.0,3.0,9.0,0.333,0.0,0.0,,3.0,9.0,0.333,0.333,2.0,4.0,0.5,4.0,2.0,6.0,1.0,2.0,0.0,0.0,5.0,8.0,0.0,
471.0,Ron Harper Jr.,25.0,BOS,SF,4.0,0.0,20.0,3.0,10.0,0.3,2.0,8.0,0.25,1.0,2.0,0.5,0.4,0.0,0.0,,1.0,2.0,3.0,4.0,1.0,2.0,0.0,2.0,8.0,0.0,
472.0,Jacob Toppin,25.0,ATL,SF,5.0,0.0,17.0,4.0,6.0,0.667,0.0,0.0,,4.0,6.0,0.667,0.667,0.0,0.0,,0.0,1.0,1.0,1.0,0.0,1.0,0.0,1.0,8.0,0.0,
473.0,Moritz Wagner,28.0,ORL,C,1.0,0.0,10.0,3.0,7.0,0.429,0.0,2.0,0.0,3.0,5.0,0.6,0.429,2.0,2.0,1.0,0.0,2.0,2.0,2.0,0.0,0.0,0.0,2.0,8.0,0.0,
474.0,Charles Bassey,25.0,MEM,C,2.0,0.0,31.0,3.0,8.0,0.375,0.0,0.0,,3.0,8.0,0.375,0.375,1.0,3.0,0.333,7.0,8.0,15.0,2.0,1.0,1.0,1.0,5.0,7.0,0.0,
475.0,Joe Ingles,38.0,MIN,SF,13.0,0.0,54.0,2.0,5.0,0.4,1.0,4.0,0.25,1.0,1.0,1.0,0.5,2.0,2.0,1.0,0.0,5.0,5.0,11.0,6.0,0.0,5.0,6.0,7.0,0.0,
476.0,Trey Jemison,26.0,NYK,C,6.0,0.0,38.0,3.0,3.0,1.0,0.0,0.0,,3.0,3.0,1.0,1.0,1.0,1.0,1.0,5.0,5.0,10.0,1.0,0.0,2.0,3.0,6.0,7.0,0.0,
477.0,Cody Martin,30.0,IND,SF,4.0,0.0,55.0,2.0,10.0,0.2,0.0,5.0,0.0,2.0,5.0,0.4,0.2,3.0,6.0,0.5,1.0,13.0,14.0,2.0,4.0,2.0,4.0,5.0,7.0,0.0,
478.0,Orlando Robinson,25.0,ORL,C,4.0,1.0,25.0,3.0,5.0,0.6,1.0,2.0,0.5,2.0,3.0,0.667,0.7,0.0,0.0,,2.0,2.0,4.0,3.0,1.0,0.0,0.0,3.0,7.0,0.0,
479.0,Hunter Sallis,22.0,PHI,SG,7.0,0.0,26.0,3.0,5.0,0.6,0.0,0.0,,3.0,5.0,0.6,0.6,1.0,2.0,0.5,0.0,1.0,1.0,4.0,0.0,1.0,5.0,2.0,7.0,0.0,
480.0,Pacome Dadiet,20.0,NYK,SG,15.0,0.0,47.0,1.0,8.0,0.125,0.0,5.0,0.0,1.0,3.0,0.333,0.125,4.0,4.0,1.0,1.0,10.0,11.0,6.0,2.0,0.0,0.0,3.0,6.0,0.0,
481.0,Kyle Lowry,39.0,PHI,PG,6.0,0.0,45.0,2.0,8.0,0.25,2.0,8.0,0.25,0.0,0.0,,0.375,0.0,0.0,,0.0,3.0,3.0,7.0,1.0,0.0,2.0,3.0,6.0,0.0,
482.0,Jahmai Mashack,23.0,MEM,SG,7.0,0.0,25.0,2.0,8.0,0.25,2.0,6.0,0.333,0.0,2.0,0.0,0.375,0.0,0.0,,0.0,5.0,5.0,2.0,1.0,0.0,3.0,1.0,6.0,0.0,
483.0,Wendell Moore Jr.,24.0,DET,SG,3.0,0.0,43.0,3.0,6.0,0.5,0.0,1.0,0.0,3.0,5.0,0.6,0.5,0.0,0.0,,1.0,3.0,4.0,3.0,2.0,1.0,1.0,1.0,6.0,0.0,
484.0,Harrison Ingram,23.0,SAS,SF,3.0,0.0,11.0,2.0,3.0,0.667,1.0,1.0,1.0,1.0,2.0,0.5,0.833,0.0,0.0,,3.0,0.0,3.0,0.0,0.0,0.0,0.0,2.0,5.0,0.0,
485.0,Drew Peterson,26.0,CHO,PF,6.0,0.0,64.0,2.0,16.0,0.125,0.0,12.0,0.0,2.0,4.0,0.5,0.125,1.0,2.0,0.5,3.0,6.0,9.0,2.0,3.0,1.0,0.0,3.0,5.0,0.0,
486.0,Dario Šarić,31.0,SAC,C,5.0,0.0,41.0,1.0,6.0,0.167,1.0,3.0,0.333,0.0,3.0,0.0,0.25,2.0,2.0,1.0,1.0,5.0,6.0,2.0,0.0,0.0,2.0,3.0,5.0,0.0,
487.0,Isaac Jones,25.0,2TM,PF,4.0,1.0,18.0,2.0,4.0,0.5,0.0,2.0,0.0,2.0,2.0,1.0,0.5,1.0,2.0,0.5,2.0,0.0,2.0,1.0,0.0,0.0,0.0,4.0,5.0,0.0,
487.0,Isaac Jones,25.0,SAC,PF,3.0,1.0,17.0,1.0,2.0,0.5,0.0,1.0,0.0,1.0,1.0,1.0,0.5,1.0,2.0,0.5,2.0,0.0,2.0,1.0,0.0,0.0,0.0,4.0,3.0,0.0,
487.0,Isaac Jones,25.0,DET,PF,1.0,0.0,1.0,1.0,2.0,0.5,0.0,1.0,0.0,1.0,1.0,1.0,0.5,0.0,0.0,,0.0,0.0,0.0,0.0,0.0,0.0,0.0,0.0,2.0,0.0,
488.0,Koby Brea,23.0,PHO,SG,2.0,0.0,8.0,1.0,3.0,0.333,0.0,2.0,0.0,1.0,1.0,1.0,0.333,2.0,2.0,1.0,0.0,1.0,1.0,2.0,0.0,0.0,0.0,0.0,4.0,0.0,
489.0,Trentyn Flowers,20.0,CHI,SF,2.0,0.0,6.0,2.0,3.0,0.667,0.0,1.0,0.0,2.0,2.0,1.0,0.667,0.0,0.0,,1.0,0.0,1.0,1.0,0.0,0.0,1.0,1.0,4.0,0.0,
490.0,Curtis Jones,24.0,DEN,SG,5.0,0.0,22.0,2.0,10.0,0.2,0.0,6.0,0.0,2.0,4.0,0.5,0.2,0.0,0.0,,1.0,3.0,4.0,1.0,0.0,0.0,1.0,2.0,4.0,0.0,
491.0,Lachlan Olbrich,22.0,CHI,C,8.0,0.0,66.0,2.0,9.0,0.222,0.0,4.0,0.0,2.0,5.0,0.4,0.222,0.0,2.0,0.0,6.0,13.0,19.0,7.0,0.0,0.0,4.0,15.0,4.0,0.0,
492.0,Garrett Temple,39.0,TOR,SG,10.0,0.0,29.0,1.0,6.0,0.167,1.0,4.0,0.25,0.0,2.0,0.0,0.25,1.0,2.0,0.5,0.0,4.0,4.0,3.0,3.0,1.0,3.0,2.0,4.0,0.0,
493.0,Drew Timme,25.0,LAL,PF,5.0,0.0,16.0,2.0,4.0,0.5,0.0,2.0,0.0,2.0,2.0,1.0,0.5,0.0,0.0,,1.0,3.0,4.0,3.0,1.0,0.0,1.0,0.0,4.0,0.0,
494.0,Kobe Bufkin,22.0,LAL,SG,1.0,0.0,4.0,1.0,1.0,1.0,1.0,1.0,1.0,0.0,0.0,,1.5,0.0,0.0,,0.0,1.0,1.0,1.0,0.0,0.0,0.0,0.0,3.0,0.0,
495.0,N'Faly Dante,24.0,ATL,C,4.0,0.0,15.0,1.0,4.0,0.25,0.0,0.0,,1.0,4.0,0.25,0.25,1.0,1.0,1.0,3.0,4.0,7.0,0.0,2.0,0.0,1.0,1.0,3.0,0.0,
496.0,Amari Williams,24.0,BOS,PF,6.0,0.0,31.0,1.0,2.0,0.5,0.0,0.0,,1.0,2.0,0.5,0.5,1.0,2.0,0.5,2.0,5.0,7.0,1.0,1.0,2.0,0.0,4.0,3.0,0.0,
497.0,Hunter Dickinson,25.0,NOP,C,1.0,0.0,5.0,1.0,2.0,0.5,0.0,0.0,,1.0,2.0,0.5,0.5,0.0,0.0,,0.0,0.0,0.0,0.0,0.0,1.0,2.0,2.0,2.0,0.0,
498.0,Colby Jones,23.0,DET,SG,1.0,0.0,7.0,1.0,3.0,0.333,0.0,2.0,0.0,1.0,1.0,1.0,0.333,0.0,0.0,,0.0,4.0,4.0,2.0,0.0,0.0,0.0,1.0,2.0,0.0,
499.0,Daeqwon Plowden,27.0,SAC,SG,1.0,0.0,14.0,1.0,5.0,0.2,0.0,3.0,0.0,1.0,2.0,0.5,0.2,0.0,0.0,,2.0,0.0,2.0,0.0,0.0,0.0,0.0,0.0,2.0,0.0,
500.0,Oscar Tshiebwe,26.0,UTA,C,1.0,0.0,15.0,1.0,4.0,0.25,0.0,0.0,,1.0,4.0,0.25,0.25,0.0,1.0,0.0,2.0,4.0,6.0,1.0,1.0,0.0,0.0,2.0,2.0,0.0,
501.0,Jahmyl Telfort,24.0,LAC,PF,8.0,0.0,32.0,0.0,4.0,0.0,0.0,4.0,0.0,0.0,0.0,,0.0,1.0,4.0,0.25,0.0,3.0,3.0,1.0,1.0,0.0,1.0,5.0,1.0,0.0,
502.0,Mo Bamba,27.0,TOR,C,2.0,0.0,6.0,0.0,2.0,0.0,0.0,0.0,,0.0,2.0,0.0,0.0,0.0,0.0,,1.0,1.0,2.0,0.0,0.0,1.0,0.0,2.0,0.0,0.0,
503.0,Sharife Cooper,24.0,WAS,PG,4.0,0.0,10.0,0.0,1.0,0.0,0.0,1.0,0.0,0.0,0.0,,0.0,0.0,0.0,,0.0,0.0,0.0,0.0,0.0,0.0,1.0,1.0,0.0,0.0,
504.0,Isaiah Crawford,24.0,HOU,SF,2.0,0.0,5.0,0.0,1.0,0.0,0.0,1.0,0.0,0.0,0.0,,0.0,0.0,0.0,,0.0,0.0,0.0,0.0,0.0,0.0,0.0,0.0,0.0,0.0,
505.0,Noa Essengue,19.0,CHI,PF,2.0,0.0,6.0,0.0,3.0,0.0,0.0,2.0,0.0,0.0,1.0,0.0,0.0,0.0,0.0,,0.0,0.0,0.0,0.0,1.0,0.0,0.0,1.0,0.0,0.0,
506.0,Tosan Evbuomwan,24.0,NYK,SF,5.0,0.0,8.0,0.0,1.0,0.0,0.0,0.0,,0.0,1.0,0.0,0.0,0.0,0.0,,1.0,1.0,2.0,0.0,0.0,0.0,0.0,1.0,0.0,0.0,
507.0,Vladislav Goldin,24.0,MIA,C,1.0,0.0,1.0,0.0,0.0,,0.0,0.0,,0.0,0.0,,,0.0,0.0,,0.0,0.0,0.0,1.0,0.0,0.0,0.0,0.0,0.0,0.0,
508.0,Chucky Hepburn,22.0,TOR,PG,2.0,0.0,13.0,0.0,6.0,0.0,0.0,5.0,0.0,0.0,1.0,0.0,0.0,0.0,0.0,,0.0,1.0,1.0,2.0,1.0,0.0,1.0,2.0,0.0,0.0,
509.0,Chris Mañon,24.0,LAL,SG,4.0,0.0,14.0,0.0,1.0,0.0,0.0,1.0,0.0,0.0,0.0,,0.0,0.0,0.0,,1.0,2.0,3.0,0.0,1.0,2.0,0.0,3.0,0.0,0.0,
,League Average,,,,,,,,,0.469,,,0.358,,,0.548,0.544,,,0.787,,,,,,,,,,,
